,Agric,Food ,Soda ,Beer ,Smoke,Toys ,Fun  ,Books,Hshld,Clths,Hlth ,MedEq,Drugs,Chems,Rubbr,Txtls,BldMt,Cnstr,Steel,FabPr,Mach ,ElcEq,Autos,Aero ,Ships,Guns ,Gold ,Mines,Coal ,Oil  ,Util ,Telcm,PerSv,BusSv,Comps,Chips,LabEq,Paper,Boxes,Trans,Whlsl,Rtail,Meals,Banks,Insur,RlEst,Fin  ,Other,LIBOR,SP500
2015-01-02,0.07,-1.18,0.22,-1.1,-0.4,-1.05,-0.33,-1.31,0.12,-0.65,-0.17,0.45,1.77,0.4,-0.45,-0.41,-0.82,-0.68,-0.15,-0.96,-0.01,-0.49,-0.29,-0.56,-0.17,0.4,2.38,1.35,0.47,1.15,0.42,-0.44,-0.91,-0.25,-0.22,-0.03,-0.27,-0.02,0.49,-0.21,-0.12,-0.66,-0.48,-0.61,-0.55,0.6,-0.34,0.27,0.2556,-0.011147443606352891
2015-01-05,-0.9,-1.01,-0.84,-0.18,-0.71,0.87,-1.6,-1.6,-1.1,-0.56,-0.96,0.41,0.25,-1.99,-1.61,-0.79,-2.29,-1.93,-2.41,-2.24,-2.64,-2.27,-2.12,-0.99,-1.91,-1.37,2.84,-2.03,-3.65,-5.99,-1.77,-1.71,-1.36,-1.56,-1.23,-1.12,-1.42,-1.11,-1.31,-2.42,-2.01,-0.99,-1.06,-1.23,-1.43,-0.15,-1.52,-0.94,0.2536,-0.0021661864161864886
2015-01-06,-1.03,-0.68,-0.86,-0.92,0.22,-1.69,-1.07,-2.4,-1.41,-1.63,-1.27,-0.88,-1.81,-1.39,-1.84,-1.8,-1.74,-1.7,-1.79,-3.29,-2.03,-1.53,-1.19,-0.79,-1.24,-0.71,5.56,-1.17,-4.34,-2.98,-0.71,-1.86,-1.61,-1.1,-1.77,-1.78,-1.47,-1.48,-1.25,-2.3,-1.69,-1.58,-1.0,-1.23,-1.33,-1.1,-1.59,-1.31,0.2511,-0.01571713845491296
2015-01-07,1.29,1.59,2.33,0.93,1.3,0.98,1.18,0.64,0.47,1.82,0.84,1.33,2.43,0.13,0.61,1.95,0.52,1.41,-0.66,-1.72,0.35,0.46,0.99,0.71,2.2,1.41,-1.7,1.25,0.38,-2.21,1.03,0.72,0.8,0.6,1.49,0.88,1.13,0.33,-0.35,0.25,0.35,3.27,3.42,0.4,0.68,0.36,1.15,0.68,0.2521,-0.00820907192986775
2015-01-08,1.05,1.35,1.33,1.09,1.89,0.38,1.43,1.81,1.8,1.27,1.57,1.36,2.28,1.59,1.16,1.12,2.2,1.38,1.97,0.87,1.5,1.66,2.02,1.66,2.55,1.89,-0.66,1.6,0.7,2.38,1.04,1.66,0.47,1.61,1.64,1.55,1.57,1.78,2.26,1.92,1.02,1.96,1.3,0.87,1.5,1.79,0.81,1.26,0.2521,0.012495293255082585
2015-01-09,1.09,-0.52,-0.76,-0.38,-0.27,-1.36,-0.12,-0.99,-0.48,-0.48,-0.88,-0.23,0.17,-1.0,-0.47,0.37,-0.61,-0.62,-1.26,-0.99,-0.99,-0.3,-1.61,-0.5,-2.7,0.06,3.08,0.05,-1.1,0.0,-0.87,-0.88,-1.85,-0.58,-0.63,-0.1,-0.4,-1.1,-0.59,-1.05,-1.03,-1.91,-0.46,-1.09,-1.28,0.08,-0.6,-0.21,0.2541,0.016172463566409556
2015-01-12,0.4,-1.36,-0.69,0.54,0.56,-0.32,0.43,-0.76,-0.18,0.4,-0.07,0.18,0.63,-0.97,0.38,0.09,-0.1,-0.57,-1.84,-1.9,-0.88,-0.03,-0.54,-0.81,-1.53,-0.45,4.12,-0.44,-2.4,-4.37,-0.59,-0.05,-0.37,-0.45,-0.62,-0.85,0.07,-0.4,0.26,-0.26,-0.79,0.84,0.49,-0.81,-0.7,-0.72,-0.66,-0.67,0.2528,-0.008393683593637125
2015-01-13,-1.6,0.18,0.13,-1.02,0.62,-0.22,-0.24,0.77,-0.52,0.94,0.08,-0.5,-1.37,-0.08,0.78,-0.69,-0.72,-1.98,0.52,-1.87,-0.02,-0.94,-0.99,0.46,-0.88,0.14,-1.97,-3.37,-2.38,-0.46,0.56,1.05,0.55,-0.11,-0.16,-0.13,0.09,0.11,-0.6,0.34,0.34,-0.48,0.94,0.01,0.28,-1.49,0.35,-0.11,0.2533,-0.007111009058292983
2015-01-14,-1.4,-0.09,0.51,0.38,0.46,-0.04,-0.3,-0.48,-0.18,-1.25,-0.57,-0.62,0.82,-1.05,-0.06,-0.81,-0.97,-1.28,-2.4,1.1,-0.41,-1.04,-0.6,-0.37,-0.74,0.45,-6.06,-2.47,-1.8,1.69,0.89,-1.27,-0.77,-0.71,-0.75,-0.77,-0.94,-0.33,-0.63,-0.92,-0.82,-0.46,-0.43,-0.86,-0.78,-0.22,-1.33,-0.67,0.2536,-0.006487528074430315
2015-01-15,-2.44,0.19,-1.23,-0.9,0.26,-1.64,-0.75,-1.75,-1.46,-1.86,-1.34,-2.2,-3.24,-1.33,-1.56,-1.83,-2.33,-4.27,-1.66,-2.72,-1.85,-2.26,-2.06,-0.56,-2.52,-0.74,5.94,0.34,-1.81,-3.57,0.05,-0.87,-1.62,-1.88,-2.02,-1.84,-0.8,-1.34,-0.69,-1.25,-1.32,-2.44,-1.26,-0.91,-1.49,-1.28,-1.36,-0.63,0.2526,-0.0023038168572672157
2015-01-16,0.4,1.05,1.69,1.96,0.67,0.41,0.75,2.96,0.47,0.72,0.97,0.92,2.3,1.73,1.16,2.03,1.78,1.33,2.2,1.91,1.59,0.74,1.12,0.65,1.99,1.78,4.48,2.04,0.86,4.05,1.34,2.46,1.25,1.53,1.39,1.37,1.27,0.97,0.53,1.81,1.41,1.2,0.54,1.1,1.59,2.61,0.46,0.4,0.2566,-0.010676598386095582
2015-01-20,-0.26,0.25,0.63,0.52,1.08,-1.37,-1.02,0.0,0.56,-0.76,-0.63,-0.91,-0.05,-0.72,-0.46,-0.84,-1.05,-2.43,-1.84,0.14,-0.57,-1.24,0.05,0.0,-0.54,3.84,5.83,-1.14,-3.34,-2.12,-0.06,-0.83,-0.72,-0.14,-0.25,-0.15,0.11,-0.46,-0.37,0.41,-0.82,-1.46,-0.41,-0.66,-1.23,-1.18,0.03,-0.19,0.2567,0.014310458024846318
2015-01-21,-0.79,0.54,0.48,0.51,0.54,-1.29,0.32,-0.21,0.21,0.31,0.02,-0.64,-2.11,-0.03,-0.44,-0.61,0.14,0.82,-0.62,1.7,0.51,0.57,0.1,0.19,1.4,-0.14,-0.53,1.87,-0.08,2.79,0.67,-0.06,0.22,-0.75,-0.23,0.3,-0.41,0.0,0.09,-0.09,0.01,0.28,-0.75,-0.18,0.37,-0.06,0.15,0.19,0.2571,-0.00028210623586133465
2015-01-22,3.29,1.41,1.4,1.56,0.79,0.89,2.09,2.8,1.54,1.33,2.05,1.33,0.71,1.55,1.41,2.74,1.32,1.06,2.02,0.33,1.14,1.55,1.82,2.48,3.19,2.16,0.75,0.61,1.78,0.5,0.16,1.55,1.44,1.54,1.19,1.07,0.8,1.99,1.74,2.39,1.44,1.56,1.99,2.17,2.25,0.53,2.52,0.73,0.2561,0.006984545222027627
2015-01-23,-0.35,-1.12,-0.49,-0.21,-0.83,-1.87,-0.64,0.77,-0.64,-0.57,-0.13,-0.95,0.36,-1.45,-0.35,-0.77,-0.47,0.26,-1.59,-2.14,-0.87,-0.07,-0.78,-0.04,-1.97,1.63,-3.55,-3.43,-4.14,0.13,0.42,-0.39,-0.25,0.17,0.95,0.34,-0.38,-1.36,-2.18,-0.46,-0.43,0.14,0.55,-0.75,-0.36,-0.35,-0.72,-0.11,0.2561,0.014098181344535776
2015-01-26,1.03,0.87,0.18,-0.06,0.95,-0.99,1.83,0.86,0.4,0.81,1.0,0.74,2.51,0.89,0.78,0.2,1.97,1.73,2.37,0.55,1.18,1.74,0.6,-0.22,2.67,0.19,-0.22,2.31,-0.16,2.13,0.18,0.56,0.95,0.53,0.98,1.04,0.93,0.46,0.99,1.28,0.98,0.57,0.99,0.36,0.03,0.86,0.72,0.13,0.2561,-0.0060883082345762896
2015-01-27,-1.11,-0.74,0.26,-0.49,-0.63,-0.53,-0.44,0.12,-0.45,0.3,0.31,-0.21,0.61,-0.36,-0.67,-0.8,0.66,-0.25,-0.25,-0.68,-1.34,-0.7,-0.59,-1.12,0.5,-0.05,3.16,-0.9,-1.94,1.64,0.03,-0.63,-0.31,-0.86,-0.81,-0.23,-0.39,-1.07,-1.48,-0.69,-0.9,-0.25,-0.26,-0.48,-0.71,-0.76,-1.12,0.43,0.2526,-0.001248494014583601
2015-01-28,-2.12,-1.6,-0.47,-1.66,-0.84,-1.52,-1.05,-0.89,-1.55,0.05,-0.32,-0.22,-1.77,-1.6,0.22,-0.93,-1.26,-1.73,-0.68,-2.97,-1.45,-0.95,-1.98,-0.32,-2.74,-0.92,-4.08,-2.75,-2.94,-5.29,-1.36,-1.91,-1.55,-1.29,-0.89,-0.71,-0.85,-1.32,0.09,-2.1,-1.28,-1.4,-0.8,-1.41,-1.3,-1.65,-1.59,-0.77,0.2546,-0.0075786524047931625
2015-01-29,1.32,0.82,0.83,1.04,1.01,2.8,0.56,0.41,1.27,1.54,0.95,2.28,1.18,-0.44,0.67,2.31,1.41,2.26,0.32,2.41,1.12,1.07,1.98,0.99,2.23,0.92,-2.46,-1.07,-1.98,-0.01,1.35,0.75,1.83,0.83,0.48,0.88,1.12,0.72,0.07,0.43,0.91,1.38,1.27,0.9,1.14,0.4,0.82,0.03,0.2546,-0.014707192448135897
2015-01-30,-2.22,-2.55,-1.67,-1.84,-2.42,-0.32,-1.79,-1.71,-1.43,-2.74,-2.05,-2.06,-1.34,0.45,-1.02,-2.52,-1.15,-2.32,-1.96,-3.41,-1.62,-1.75,-2.35,-1.56,-2.29,-1.95,2.52,0.27,1.99,2.12,-1.91,-1.38,-2.11,-1.49,-1.88,-1.54,-0.95,-1.87,-0.93,-2.25,-1.3,-1.9,-1.9,-1.12,-1.93,-1.41,-1.64,0.37,0.2531,0.008439674105992223
2015-02-02,0.12,1.15,-0.62,1.16,1.36,0.15,0.45,0.72,1.21,0.37,-0.15,0.6,-0.76,1.03,0.82,1.68,1.11,1.28,2.27,0.24,1.96,1.08,1.4,0.88,1.6,0.94,-0.37,1.1,1.53,5.75,0.9,1.14,0.79,0.72,0.38,1.11,0.78,-0.16,0.77,1.05,0.84,0.53,-0.41,1.43,1.65,0.75,1.01,0.23,0.2521,-0.011231303275584414
2015-02-03,1.78,1.25,1.25,0.04,0.96,1.76,1.33,2.81,1.65,2.07,1.19,0.48,-0.35,2.32,1.19,2.55,1.95,2.85,6.03,4.17,2.28,2.1,2.24,1.75,3.64,1.76,-1.98,2.62,6.93,6.71,0.97,2.53,2.86,1.84,1.08,1.68,1.44,2.1,2.01,1.23,2.11,1.83,1.39,1.25,1.5,3.0,1.82,0.69,0.2551,0.013041672597958742
2015-02-04,0.13,0.06,0.24,-0.1,-0.31,-0.16,-0.16,-1.31,0.09,-1.19,-0.13,-0.21,-1.24,-0.86,0.34,-0.94,-1.02,-0.51,-1.03,-2.42,-1.27,-1.23,0.78,-1.34,-1.01,0.6,2.03,-1.31,0.91,-2.24,-1.28,-0.03,-0.75,0.02,-0.51,-0.22,-0.61,-0.59,0.68,-0.08,-0.89,-0.32,-0.12,-0.35,0.14,-0.51,-0.26,0.15,0.2551,0.012928272715417632
2015-02-05,-0.03,0.36,0.48,0.66,-0.08,1.47,0.98,0.91,1.46,0.87,0.83,1.42,2.18,2.34,0.76,0.4,1.04,0.81,2.12,1.3,1.4,0.72,1.05,0.56,2.27,1.1,2.23,2.92,2.59,3.6,1.22,0.72,1.06,1.64,1.44,1.04,0.66,0.35,2.25,1.09,1.32,1.56,0.41,1.11,0.95,1.3,1.39,0.76,0.2561,-0.002640568763829232
2015-02-06,-1.98,0.02,0.04,-1.08,-1.09,-0.07,0.08,0.32,0.58,-0.58,0.12,-0.13,-0.51,0.36,-0.06,0.42,0.12,1.34,-0.07,0.75,0.39,0.12,0.62,-0.55,0.39,-0.75,-4.63,-0.15,-1.9,1.02,-3.34,0.15,-1.55,-0.17,0.33,0.33,-0.25,0.36,-0.22,-0.26,0.69,-0.05,0.06,0.75,0.26,-2.03,0.28,0.55,0.2556,0.00921484668160577
2015-02-09,-0.97,-0.56,-0.93,-2.5,-0.58,0.32,-0.42,-0.63,-1.13,-0.4,-1.11,-0.22,-0.09,0.35,-0.78,-1.21,0.51,0.99,0.34,1.47,-0.28,0.41,0.33,-0.71,0.05,-0.98,0.88,0.17,3.8,1.81,-0.87,-0.4,-0.85,-0.41,-0.38,0.01,-0.44,-0.64,0.12,-0.86,-0.78,-0.53,-0.95,-0.75,-0.81,0.06,-0.68,-0.73,0.25835,-0.004271998892542261
2015-02-10,0.12,0.21,0.5,0.19,1.34,0.46,0.98,0.35,0.77,0.69,0.99,0.8,1.35,0.07,0.45,0.96,0.22,-0.34,-0.81,-2.58,-0.05,0.86,-0.37,0.01,-0.24,0.5,-2.23,0.13,0.55,-2.62,1.47,0.5,-1.1,0.53,0.98,0.9,0.09,0.4,1.51,0.61,-0.24,0.82,1.53,0.23,0.26,0.13,0.56,1.37,0.2581,-0.001991793431490252
2015-02-11,1.26,-0.35,0.43,0.21,1.62,1.4,-0.58,-0.86,-0.51,0.39,0.92,-0.13,0.06,0.06,-0.24,0.64,-0.38,-0.21,0.32,-0.98,-0.21,0.14,-0.15,-0.2,-0.48,-0.4,-1.8,-1.36,-1.84,-0.64,-1.75,-0.14,1.03,0.02,-0.26,0.27,0.17,1.16,0.44,0.13,-0.07,0.2,0.71,-0.16,0.63,0.73,0.0,0.1,0.2581,0.009354130075649003
2015-02-12,0.9,0.6,0.17,0.28,1.29,0.4,1.22,0.86,0.88,-0.22,0.0,0.87,1.48,2.06,0.89,2.28,1.55,0.98,1.67,4.97,1.1,0.82,0.76,0.54,0.97,2.01,1.63,2.1,0.33,2.22,0.16,0.95,-0.41,1.24,1.71,0.71,0.32,1.79,1.2,1.08,0.91,0.31,-0.03,0.9,0.77,0.37,1.1,0.29,0.2581,0.0006912721307814618
2015-02-13,0.81,-0.18,-0.93,-1.16,-1.3,0.31,1.04,0.36,0.98,2.72,2.62,1.05,1.01,1.47,0.53,0.11,0.76,0.64,2.13,-0.78,1.15,0.82,0.75,1.05,1.11,0.08,2.91,1.01,2.53,3.14,-0.89,1.05,-0.82,1.0,1.49,0.28,0.01,0.7,-0.17,1.28,0.98,0.44,-0.02,0.27,0.17,0.14,0.4,1.22,0.2571,0.009082237114196534
2015-02-17,1.04,0.24,-0.51,-1.03,0.5,-0.1,0.4,0.13,1.57,-1.56,0.01,0.74,2.21,0.63,0.49,0.17,-0.41,0.46,0.4,-0.41,0.22,-0.37,-0.02,-0.43,1.39,-0.39,-3.01,0.74,0.14,1.94,-0.22,-0.07,-0.8,-0.04,0.29,-0.07,0.07,-0.26,-0.33,-0.23,-0.16,0.16,0.37,0.28,-0.3,-0.27,0.19,0.56,0.2567,0.0036815470720876764
2015-02-18,2.27,0.83,0.76,0.46,0.46,0.59,0.26,-0.25,-0.82,0.18,0.46,0.71,1.24,-0.13,0.3,-0.73,0.0,0.14,-0.61,0.95,0.34,0.13,0.12,0.65,1.29,0.43,2.21,0.19,-0.01,-1.51,1.95,-0.22,1.44,0.28,0.24,-0.2,-0.3,0.68,2.95,0.25,0.1,-0.02,2.04,-0.66,-0.4,-0.03,-0.23,-0.46,0.2606,0.0012830811016659727
2015-02-19,1.94,0.28,-0.26,1.3,0.2,0.01,0.66,0.25,-0.13,0.11,0.23,0.06,0.62,0.26,0.58,2.23,0.38,0.34,0.1,0.15,-0.35,0.15,0.43,0.55,1.67,1.64,-3.45,-0.19,2.02,-0.81,-0.39,0.06,0.41,0.44,0.72,0.63,-0.25,0.05,-1.59,0.16,-0.26,-0.07,0.72,0.15,-0.15,0.37,0.04,-0.3,0.2615,4.291621590368777e-05
2015-02-20,1.67,0.05,0.3,1.04,0.73,-1.33,-0.16,0.36,-0.2,0.67,-0.98,0.24,0.77,0.09,-0.42,1.36,0.27,-0.19,-0.22,-1.03,0.08,-0.06,0.39,0.86,0.63,1.36,-1.75,-0.85,0.36,-0.88,-0.07,0.58,-0.12,0.14,0.6,-0.13,0.35,0.22,0.34,0.28,-0.29,0.26,-0.62,0.11,-0.11,0.16,0.31,0.55,0.2626,-0.0007622236513039615
2015-02-23,-2.27,-0.14,0.89,-0.67,0.12,0.45,-0.86,0.16,0.03,-0.15,-0.79,-0.04,0.69,-0.29,-0.09,-0.3,-0.78,-1.3,-0.96,0.08,-0.58,-0.34,-0.25,-0.48,0.91,0.83,-1.76,-1.05,-2.41,-1.43,0.55,-0.78,-0.22,-0.35,-0.79,-0.66,-0.11,-1.05,0.15,-0.16,-0.75,-0.24,-0.53,-0.17,-0.15,0.35,-0.13,0.12,0.2616,0.005806581922172427
2015-02-24,0.09,0.51,-0.02,-1.04,0.55,-0.18,-0.12,0.15,0.01,0.06,0.2,0.04,-0.95,0.35,0.01,0.51,1.16,1.27,1.86,2.32,0.64,0.81,0.29,0.66,0.42,-0.68,-0.67,0.01,2.79,-0.41,0.48,0.36,0.36,1.45,0.2,0.94,0.37,0.86,-0.23,0.62,0.57,0.11,0.65,0.45,0.27,-0.81,0.65,0.21,0.2611,-0.0003459899484853368
2015-02-25,0.29,-0.01,0.26,-0.69,-0.24,0.68,1.51,0.08,0.25,0.91,1.37,0.16,1.81,0.11,-0.27,0.22,-0.57,0.47,-0.85,-0.38,0.18,1.13,0.8,-0.75,0.53,0.59,2.12,1.17,0.82,1.19,-0.84,0.35,-0.03,0.72,0.4,0.02,0.62,-0.05,0.43,-0.19,-0.02,0.05,0.63,0.09,0.0,0.57,0.34,0.21,0.2609,0.002939619132292126
2015-02-26,-1.51,-0.36,0.62,0.33,-0.21,1.0,-0.08,0.12,0.13,-0.53,1.98,0.45,1.27,0.52,1.14,0.9,0.7,-0.71,-0.21,0.34,0.21,0.05,0.06,-0.25,-0.24,0.1,0.88,-1.44,-3.21,-2.36,-0.44,-0.08,0.14,-0.23,0.08,0.61,0.1,1.14,0.1,0.21,-0.02,-0.11,-0.14,0.2,0.32,-0.16,-0.18,-0.34,0.2616,-0.0006571819447822591
2015-02-27,-0.55,-0.08,0.57,-1.01,0.47,0.31,-0.75,-0.62,-0.16,-0.08,-0.59,-0.62,-0.99,-0.36,-1.36,-0.46,-0.56,-0.27,-0.8,-0.75,-0.33,-0.03,-0.71,-0.69,-0.17,-0.5,1.61,1.37,-0.2,-0.68,-0.34,-0.57,-1.82,-0.29,-0.4,-0.17,-0.27,-1.03,0.22,-0.34,-1.04,0.26,-0.38,-0.6,-0.4,-0.73,-0.55,0.2,0.26185,-0.0014333765988796543
2015-03-02,1.15,0.64,0.73,-0.51,-0.43,2.39,0.55,1.11,0.44,0.27,0.57,1.11,1.25,0.76,0.52,0.95,0.64,0.16,-0.28,3.49,0.89,1.59,0.65,1.22,0.82,1.01,-2.06,0.36,-1.82,-1.8,-1.41,1.17,0.59,0.92,1.29,1.36,0.87,0.69,0.15,0.36,0.88,0.49,0.82,0.49,0.55,1.79,0.84,1.9,0.26095,-0.0026765630036560406
2015-03-03,3.54,0.02,0.26,-0.95,0.54,0.55,-0.36,-1.26,-0.59,-0.75,-0.57,-1.08,-0.16,-0.66,-1.25,-0.76,-0.28,-1.87,-0.64,-0.02,-0.51,-0.53,-0.72,-0.69,-1.23,-1.37,0.57,-1.35,-3.38,0.55,0.38,-0.25,-0.16,-0.76,-0.64,-1.01,-1.05,-2.72,-0.72,-0.61,0.15,-0.72,-0.37,-0.1,-0.3,-0.5,-0.55,-0.28,0.26515,0.005001843076545942
2015-03-04,1.43,-0.34,-0.5,0.06,-0.92,-1.46,-0.17,-0.36,-0.31,-0.77,0.72,-0.26,1.31,0.05,-0.22,0.37,-0.46,-0.28,-0.86,-1.69,-1.03,-0.66,-1.1,-1.19,-2.01,2.02,-1.58,-0.77,-2.58,-0.07,-0.68,-0.79,0.03,-0.67,-0.48,0.34,-0.58,-1.08,-1.03,-0.5,-0.94,-0.52,-1.34,-0.34,-0.77,-0.75,-0.17,-0.92,0.2636,-0.0038000713511926465
2015-03-05,-1.99,-0.07,0.93,0.3,-0.8,0.07,-0.35,-0.52,0.43,-0.58,-0.76,0.43,1.62,0.29,-0.48,1.57,0.76,0.07,-0.1,0.05,0.02,1.22,0.08,0.45,-0.66,0.45,-1.87,0.97,-1.3,-0.86,0.5,0.73,-0.93,0.09,0.49,0.18,0.53,-0.36,-0.29,-0.07,0.09,0.27,0.16,0.32,0.45,-0.13,0.28,0.69,0.2636,-0.004355385025670455
2015-03-06,-2.48,-1.65,-1.22,-1.09,-2.69,-0.28,-0.84,-0.31,-1.23,-1.28,-0.64,-1.02,-0.47,-1.21,-2.24,-0.63,-1.14,-1.14,-1.44,-1.15,-1.55,-0.88,-1.32,-0.79,-1.21,0.63,-4.33,-2.51,-0.42,-1.97,-2.37,-0.57,-0.89,-1.15,-1.21,-1.18,-1.38,0.11,-1.92,-1.0,-0.81,-0.59,-1.63,0.09,-0.22,-0.81,-0.71,-0.69,0.2646,0.0011292960610507219
2015-03-09,-2.37,0.17,1.07,-0.3,0.24,0.34,-0.26,0.18,0.13,-0.53,-0.5,0.22,-0.27,0.41,-0.01,0.79,0.8,0.55,-0.26,-0.69,0.36,0.03,0.33,0.61,-0.03,0.46,-13.1,-1.4,-3.02,-2.29,0.25,0.4,0.18,-0.03,0.74,-0.2,0.15,0.61,-0.65,0.23,0.09,0.52,0.53,0.53,0.32,1.08,0.3,0.44,0.2666,-0.0136416663257668
2015-03-10,-1.99,-1.3,-0.58,-1.44,-1.13,-1.84,-1.51,-1.77,-0.99,-0.9,-1.06,-1.36,-0.35,-2.08,-1.33,-1.16,-1.42,-1.8,-2.22,0.03,-1.81,-1.9,-1.37,-2.1,-2.29,0.53,-3.98,-2.94,-3.79,-3.56,-0.55,-2.06,-1.2,-1.53,-1.53,-1.58,-0.99,-1.7,-0.75,-1.4,-1.45,-1.03,-1.13,-0.79,-1.34,-2.23,-1.12,-1.2,0.2677,0.0018771349981903107
2015-03-11,-0.72,-0.32,-0.04,0.02,-1.25,-1.45,0.24,-0.06,-0.33,-0.33,0.05,0.64,0.15,0.55,-0.39,-0.1,0.58,0.72,0.73,1.63,0.34,0.13,0.11,0.53,2.05,-0.55,2.81,1.38,-2.58,0.28,-0.3,0.05,0.77,0.12,0.05,0.11,0.4,0.59,-0.44,1.27,0.28,0.44,-0.27,0.37,0.67,0.27,0.99,0.03,0.2699,-0.015148281725156365
2015-03-12,2.06,1.92,2.21,2.16,0.98,1.15,1.65,2.23,0.71,1.06,1.53,1.02,1.06,1.5,1.16,1.03,0.69,1.94,1.0,0.28,1.09,0.99,1.98,1.46,2.32,2.31,-0.16,-0.73,-4.98,-0.64,1.78,2.2,1.93,1.35,1.49,0.9,0.93,2.3,0.79,1.29,1.14,1.71,2.34,1.8,1.88,2.81,1.61,1.23,0.2706,-0.0017557503110932071
2015-03-13,-0.04,-0.52,0.26,-0.8,-1.73,-0.93,-0.04,-0.81,-0.45,-0.63,0.29,-0.79,-0.08,-0.55,-0.17,-0.57,-0.8,-0.94,0.01,-1.21,-0.24,-1.18,-0.86,-0.78,0.67,-0.51,-0.93,-0.51,-6.26,-1.19,-0.95,-0.4,-0.72,-0.36,-0.87,-0.5,-0.02,-0.5,0.36,-0.05,-0.57,-0.56,-1.17,-0.11,-0.26,-1.03,-0.28,-0.23,0.27065,0.011493843160968131
2015-03-16,1.81,0.23,-0.65,0.44,0.78,-1.02,0.51,0.35,-0.03,-0.34,0.92,1.11,0.41,-0.16,0.12,0.13,-0.3,0.41,0.03,-0.79,-0.27,-0.42,0.17,0.8,0.54,-1.35,-0.52,-0.24,1.61,-0.91,1.11,0.21,0.34,0.2,0.41,0.21,0.56,0.46,0.11,0.37,0.15,0.42,0.36,-0.03,1.09,0.13,0.47,0.14,0.27015,-0.004460979936064979
2015-03-17,-1.07,-0.3,0.52,0.29,-0.64,0.96,-0.17,-0.16,0.68,0.54,-0.22,-0.31,0.87,-0.41,1.22,-0.04,-0.22,0.08,-0.36,0.83,-0.52,0.62,-0.25,0.24,1.03,-0.31,-1.65,-2.16,5.55,-0.26,0.06,0.56,0.08,0.18,-0.26,0.17,0.09,0.28,-0.29,0.64,-0.06,0.26,-0.02,0.28,-0.06,-1.1,-0.11,1.14,0.26935,0.01228014148273826
2015-03-18,-0.57,1.01,0.21,1.71,0.44,1.55,0.62,1.13,1.1,1.06,0.62,0.53,0.12,0.8,0.68,1.85,0.8,0.52,2.05,2.89,1.17,1.84,1.38,0.72,0.38,0.85,6.09,0.87,6.06,3.77,2.43,1.25,0.78,0.83,0.83,0.76,0.69,1.1,2.19,0.81,1.24,0.23,0.43,-0.31,-0.34,1.23,-0.16,0.23,0.2703,-0.003724904797297146
2015-03-19,2.02,0.12,-0.35,0.6,0.02,-0.37,-0.03,0.49,-0.01,1.34,1.02,0.95,2.23,-0.76,-0.91,1.04,0.08,0.32,-1.88,-1.0,-0.44,0.32,-0.4,-0.33,-1.04,-0.31,0.42,0.69,-1.39,-2.57,-0.9,-0.6,-0.74,0.4,0.08,0.45,0.49,-0.65,-0.74,-0.18,0.08,0.59,0.4,-0.22,-0.22,-0.32,-0.6,0.06,0.26455,0.012470741544245989
2015-03-20,0.05,0.64,1.71,0.88,0.7,0.76,0.8,0.2,1.12,0.96,-0.61,-0.17,-1.36,0.6,1.04,0.29,0.56,1.91,1.04,1.0,0.53,0.33,0.65,0.24,2.34,0.15,0.29,0.55,-0.75,0.94,1.17,0.51,0.37,0.34,0.43,0.32,0.38,1.11,0.17,0.65,0.72,0.87,0.34,0.75,0.72,0.33,1.46,0.32,0.2668,-0.003988141762385378
2015-03-23,0.96,0.77,1.54,0.89,0.92,1.49,0.25,0.41,0.81,1.96,1.44,-0.11,-1.09,0.42,1.02,0.54,0.27,0.73,2.46,0.66,0.26,0.84,0.2,-0.56,-0.45,1.17,4.18,2.3,4.09,-0.2,0.0,0.54,0.21,0.25,0.13,0.24,-0.09,-0.04,0.81,-0.76,0.24,0.49,0.42,-0.04,0.32,0.24,0.17,0.11,0.2668,0.008453213587001684
2015-03-24,-0.55,-0.48,-0.04,0.64,-0.81,0.56,0.27,0.09,0.38,1.81,0.52,0.2,0.25,0.36,0.87,0.29,0.43,0.82,-0.29,-0.67,0.28,-0.37,0.51,0.63,0.36,0.81,1.03,1.56,-0.1,0.71,-0.8,-0.7,-0.26,0.11,-0.29,0.11,0.02,-0.1,-0.47,-0.18,0.28,0.47,0.3,-0.05,-0.41,-0.09,-0.47,-0.42,0.26935,-0.0019212847400664756
2015-03-25,-1.7,0.48,-0.73,-2.23,-0.93,-2.44,-1.17,-1.86,-1.61,-0.93,-2.41,-1.91,-4.51,-1.16,-1.54,-0.54,-1.19,-1.2,-2.16,-0.58,-1.36,-2.08,-1.46,-2.24,-1.49,-2.33,-1.33,-0.43,-0.11,1.49,-0.85,-1.85,-3.18,-1.85,-2.49,-3.12,-2.14,-1.61,-1.36,-2.11,-1.35,-1.42,-1.88,-1.09,-1.41,-0.57,-1.45,-1.55,0.26855,-0.005152163704277624
2015-03-26,1.15,-0.4,0.82,0.18,-0.54,-0.02,0.26,-0.27,-0.53,-0.25,-0.43,-0.28,-0.3,0.07,-0.63,-0.2,0.0,0.24,-0.02,-0.58,-0.45,0.41,-0.07,0.82,-0.38,0.23,-1.49,0.61,-1.95,1.07,-0.64,-0.18,-0.51,-0.05,-0.09,-0.07,-0.18,0.29,-0.9,-0.43,-0.5,-0.84,-0.51,0.31,-0.37,0.06,-0.25,0.07,0.27305,-0.01584260448493835
2015-03-27,-0.9,1.28,0.19,1.76,1.34,0.47,0.36,0.96,0.56,0.92,0.67,0.5,0.99,0.26,0.83,-0.04,0.45,0.45,-0.57,0.6,0.52,0.56,0.44,0.47,-0.06,0.47,-2.32,-1.14,0.13,-1.64,0.46,0.51,0.66,0.54,-0.11,0.72,0.72,-0.05,0.09,0.37,0.58,0.96,0.41,-0.09,-0.02,0.24,0.09,0.4,0.2754,-0.0020194336335750407
2015-03-30,-0.29,0.77,-0.22,0.5,-0.49,1.33,0.36,0.65,1.28,0.51,0.38,0.47,1.23,1.04,1.23,1.03,0.99,1.38,1.9,1.47,0.81,0.98,1.59,1.19,1.52,0.76,-1.64,1.35,0.06,0.76,1.48,0.58,0.25,0.66,0.86,0.66,1.35,1.49,1.28,0.58,1.39,1.33,0.8,0.79,1.42,0.72,1.0,0.82,0.27415,0.004052027883572729
2015-03-31,-0.19,-0.73,-1.87,-1.42,-1.03,-1.25,0.3,0.05,-0.1,-0.15,-0.36,-0.62,-0.92,-0.24,-0.09,-0.31,0.17,-0.98,-1.33,-1.84,-0.11,-0.44,-0.09,-0.11,0.73,-0.34,0.84,-1.87,-1.99,-0.62,-0.03,-0.37,-0.49,-0.47,-0.58,-0.61,-0.24,0.62,-0.39,-0.42,-0.56,-0.07,-0.44,0.09,-0.4,0.36,-0.24,0.14,0.27075,0.009660309269538425
2015-04-01,0.5,0.69,-0.43,0.23,0.93,0.48,0.12,-0.29,-2.25,-0.18,-1.01,-0.89,-0.39,-0.46,0.15,1.09,0.02,-0.09,0.02,0.39,0.14,-0.42,-0.27,-0.27,-0.12,-0.3,2.88,0.83,0.42,0.76,0.18,2.13,0.17,-0.41,0.11,-0.25,-0.66,-0.65,-0.15,-0.69,-0.74,-0.58,-0.23,0.17,0.14,0.23,0.24,-0.11,0.27075,-0.007878969129306301
2015-04-02,0.24,0.84,0.74,0.35,2.25,1.94,0.99,0.18,0.5,0.31,1.14,0.31,0.06,0.15,0.82,0.58,0.5,1.36,1.41,1.28,0.32,1.14,0.7,-0.25,-0.28,0.51,0.27,-0.04,0.59,1.41,0.73,1.16,0.47,0.44,0.24,-0.06,0.46,-0.03,-0.13,-1.03,0.7,1.18,0.63,0.39,0.38,0.64,0.08,0.87,0.27375,-0.003675635597301774
2015-04-06,-0.49,1.25,-0.25,-0.16,0.59,0.54,1.1,0.2,0.37,0.97,0.68,0.18,-0.12,1.36,0.61,0.38,-0.12,0.2,0.86,0.93,0.87,0.38,0.58,0.87,1.16,0.36,4.49,0.2,2.69,3.89,0.96,0.7,-0.1,0.25,0.36,0.01,0.67,0.06,1.18,-0.16,0.12,0.01,-0.07,-0.39,0.27,1.68,0.1,0.55,0.27375,0.00234952303212288
2015-04-07,1.63,-0.78,0.29,0.33,-0.73,-0.16,-0.41,-0.63,-0.08,0.15,-0.3,0.29,0.53,0.04,-0.78,0.19,-0.7,-0.73,-0.31,-0.67,-0.26,-0.25,-0.84,-0.58,0.52,0.03,-1.0,-0.01,2.89,3.03,-0.98,-0.38,-0.74,0.23,0.21,-0.03,-0.03,-0.89,-0.69,0.26,-0.25,-0.45,-0.56,0.08,-0.58,-0.85,-0.54,0.51,0.27375,0.007709890258438712
2015-04-08,1.13,0.04,-0.51,1.38,-0.18,0.99,1.9,0.82,1.51,0.83,0.69,0.21,1.9,0.0,0.43,1.27,0.82,0.4,0.1,0.4,-0.16,0.9,0.15,0.57,-0.22,0.02,-1.38,0.25,-1.44,-2.33,-0.45,0.76,0.41,0.76,0.64,0.4,0.27,0.6,1.22,1.09,0.24,0.84,1.31,0.13,0.42,1.02,0.88,0.14,0.2712,-0.001850305858754564
2015-04-09,-1.47,-0.33,0.57,0.87,0.57,1.78,0.53,-0.36,-0.22,-0.1,0.31,0.19,0.0,0.72,-0.71,-0.44,-0.18,0.17,0.92,-0.58,0.14,0.4,-0.55,-0.51,-0.11,0.62,-0.42,-0.34,-0.07,2.03,-0.42,0.55,-0.05,-0.26,0.06,0.6,0.3,-0.25,-0.06,-0.14,0.61,-0.28,-0.03,-0.11,-0.01,2.69,0.03,0.32,0.2759,0.002094474623038689
2015-04-10,-0.83,0.52,0.05,0.17,0.73,-0.4,-0.16,-0.06,0.33,-0.05,0.59,0.5,1.36,0.55,-0.53,1.01,0.04,-0.42,-0.12,0.67,0.26,0.83,-0.24,0.94,-0.42,-1.1,2.15,0.08,-1.5,0.49,0.9,0.11,-0.44,0.41,0.3,0.3,0.95,0.1,0.0,0.58,-0.1,0.07,0.78,0.15,-0.02,-0.4,-0.33,0.39,0.27699999999999997,0.004910402110467116
2015-04-13,0.68,-0.22,-0.38,-0.09,-0.69,0.0,-0.21,-0.13,-0.21,-0.59,0.54,0.35,1.06,0.31,-0.16,-0.98,1.4,-0.58,0.11,0.57,-0.47,0.2,-0.08,-0.51,0.38,-0.55,1.01,-0.12,0.4,-0.43,-0.82,-0.3,0.06,-0.17,-0.35,0.1,-0.07,-0.24,-0.17,-0.12,-0.47,0.05,-0.06,0.24,0.36,-0.04,0.21,-0.29,0.2753,0.005029867870438798
2015-04-14,0.05,0.28,0.02,-0.78,0.9,-0.15,-0.1,-0.34,0.11,-0.65,-0.59,0.48,0.06,-0.05,0.4,0.16,0.88,0.68,1.71,-0.29,0.71,-0.03,0.19,-0.52,-0.23,0.44,0.31,0.57,0.17,4.4,0.45,0.42,-0.08,-0.08,-0.23,-0.48,0.1,-0.48,-0.34,0.03,0.23,-0.14,-0.71,-0.24,0.04,-0.42,0.05,0.16,0.27555,-0.0046383733179293785
2015-04-15,1.09,0.32,0.22,-0.09,-0.82,0.91,0.41,0.22,0.37,0.27,0.4,-0.29,0.47,0.9,0.35,0.51,1.1,1.56,3.68,1.57,1.97,1.5,1.12,-0.55,2.24,2.95,5.02,3.21,3.78,5.16,0.55,1.07,0.97,1.05,0.8,1.26,1.41,0.15,-0.17,1.14,0.93,-0.1,0.11,0.76,0.06,-0.12,0.61,0.08,0.27435,0.0026478477656970423
2015-04-16,-0.29,-0.11,-0.47,0.27,2.88,0.22,0.34,-0.7,-0.55,-0.33,0.08,-0.01,0.55,-0.09,-0.56,-0.6,-0.52,-1.47,-1.75,-1.37,-0.71,0.1,-0.44,-0.24,-0.12,0.69,-0.28,0.43,-0.45,-1.09,-0.37,0.03,-0.44,-0.08,0.32,0.04,-0.73,-0.62,-0.7,-0.57,-0.57,-0.13,0.06,0.1,-0.05,-0.08,0.33,-0.34,0.2751,0.0038801673814476967
2015-04-17,-1.95,-1.14,-1.28,-0.51,0.12,-0.69,-0.92,-1.72,-1.21,-1.56,-0.84,-1.4,-1.42,-0.48,-1.43,-1.22,-1.63,-1.44,-1.03,-1.75,-1.62,-1.26,-0.72,-1.22,-1.99,-0.28,-0.9,1.25,-1.96,-2.27,-0.63,-1.56,-1.37,-1.69,-1.56,-1.52,-1.63,-1.28,-0.37,-0.81,-1.07,-1.78,-1.16,-1.22,-1.49,-0.66,-1.57,-0.36,0.27575,-0.0016049132284524648
2015-04-20,0.68,0.58,0.67,-0.21,0.76,3.14,0.69,1.97,0.86,1.28,1.26,0.72,0.37,0.74,1.15,0.48,0.89,-0.31,1.28,0.41,0.79,0.78,1.3,1.26,1.35,1.04,-0.01,2.48,-2.11,0.47,1.48,1.28,1.14,0.91,0.63,0.91,0.3,0.95,0.25,1.84,0.98,1.1,0.77,0.75,1.01,0.69,0.66,-0.65,0.276,-0.0087844316576845
2015-04-21,-0.02,-0.71,0.28,0.05,-0.48,0.45,-0.19,-0.47,0.02,0.2,0.31,-0.29,0.61,-1.06,-0.14,-0.04,-0.19,0.57,-0.24,-1.36,-0.81,-0.04,-0.08,-0.17,-0.75,-0.78,-1.5,-1.67,-2.78,-2.69,-0.84,0.46,0.05,1.24,0.46,-0.37,-0.19,-0.47,-1.19,0.13,-0.27,0.15,-0.26,-0.05,-0.58,-0.19,0.03,-0.43,0.27725,0.008977434031512077
2015-04-22,-0.42,-0.06,0.12,-0.88,0.06,-0.08,0.04,-0.72,0.41,-0.87,-0.27,0.4,-0.24,0.9,-0.39,0.62,0.19,-0.75,-0.16,-0.44,0.62,-0.07,0.25,-0.16,-0.98,0.45,-2.53,2.5,-0.07,-0.08,0.28,0.11,0.64,0.43,0.34,0.76,-0.2,-0.09,0.68,-0.07,0.03,0.09,-0.26,0.34,0.23,-0.03,0.47,0.31,0.2775,-0.002163783801211072
2015-04-23,0.42,-0.72,0.11,0.38,0.41,1.06,0.18,0.2,0.46,0.81,0.74,0.96,1.28,-0.01,0.4,-1.4,0.69,-0.41,1.74,1.49,0.92,0.76,-0.12,-0.01,0.41,0.97,1.99,1.4,-0.78,1.24,0.65,0.46,0.58,0.27,0.88,0.01,0.36,-0.16,0.06,0.24,1.38,0.67,1.73,0.1,0.32,0.25,0.22,0.7,0.27699999999999997,0.004260624664503387
2015-04-24,0.89,0.19,1.91,-0.28,-0.53,-0.43,0.27,-0.28,0.12,0.17,-0.03,-0.44,-1.05,-0.22,-0.2,-0.55,0.34,0.34,1.11,-0.09,-0.81,-0.88,-0.23,0.05,-4.4,-0.45,-0.65,0.11,0.09,-0.51,0.72,0.0,-1.15,-0.19,-0.27,-1.04,-0.2,0.17,1.29,-0.15,0.05,0.37,0.54,0.1,0.28,1.16,0.19,0.12,0.27899999999999997,0.002652838636614696
2015-04-27,-1.31,0.02,0.21,-1.04,-0.87,-1.5,-0.89,-0.83,-0.36,-0.47,-1.53,-1.99,-4.4,-0.53,0.02,0.11,-0.45,-0.95,-0.68,-0.83,-0.01,-0.48,0.19,-0.32,-2.32,0.26,3.7,0.18,-1.86,-0.19,-1.14,-0.61,-0.68,-1.0,-0.6,-0.62,-0.94,-0.8,-0.75,-1.3,-0.38,-1.28,-1.13,-0.52,-1.01,-0.72,-0.42,-1.23,0.27899999999999997,0.0030717483195212836
2015-04-28,0.99,0.6,-0.16,1.37,0.49,0.25,0.53,0.18,0.2,-0.63,0.49,0.4,-0.78,0.61,1.38,0.44,0.07,0.96,1.4,1.7,0.72,-0.24,0.39,0.27,-0.9,-0.84,2.09,1.92,-0.03,0.76,1.17,1.22,0.15,0.49,0.73,0.53,0.73,0.7,1.11,0.47,0.48,-0.27,0.55,0.98,0.66,-0.52,1.02,0.62,0.27815,-0.005162078242561874
2015-04-29,-0.78,-0.91,-1.18,-0.35,-1.84,-1.29,-0.18,-0.99,-0.4,-0.04,-1.15,-0.86,-0.96,-0.7,-0.39,-1.3,-0.39,-1.38,-1.96,-0.75,-0.13,-0.3,-0.34,-0.46,-0.14,-0.91,-1.35,-0.71,1.34,2.69,-0.44,-1.15,-1.69,-0.73,-0.98,-0.91,-0.63,-0.52,-1.2,-1.19,-0.84,-1.97,-1.94,-0.01,-0.68,0.36,-0.59,-0.56,0.27815,0.001963569524780162
2015-04-30,-2.3,-1.08,-1.26,-1.51,-0.02,-1.9,-1.02,-1.05,-1.84,-1.38,-2.24,-1.98,-3.33,-1.09,-2.57,-0.56,-1.3,-2.65,-1.0,-1.86,-1.22,-2.06,-1.85,-1.79,-1.8,-1.17,-2.0,0.61,0.2,0.36,-1.51,-1.35,-2.36,-1.58,-1.67,-1.71,-1.33,-0.9,-0.08,-1.23,-1.51,-1.25,-1.56,-0.97,-1.95,-2.24,-1.97,-1.07,0.27875,-0.003299409716966295
2015-05-01,1.2,0.73,0.97,1.69,0.57,0.77,0.32,0.67,0.57,0.3,0.62,-0.51,1.54,0.72,0.87,1.12,1.36,0.45,0.65,-2.8,0.48,0.15,-0.62,0.71,4.37,1.89,-0.81,-0.48,-0.81,-0.66,0.06,1.12,0.87,0.5,0.79,0.52,1.53,1.15,1.17,1.35,1.1,0.95,1.23,0.05,0.64,0.63,0.73,0.35,0.27975,-0.008615513900456895
2015-05-04,0.66,0.23,0.07,0.7,0.12,1.74,-0.06,0.18,-0.1,0.0,0.02,1.12,1.12,0.38,-0.06,0.29,-0.44,0.17,-0.05,-1.56,0.44,0.27,0.37,-0.08,1.01,1.81,1.12,0.48,2.54,-0.32,0.44,0.5,-0.79,0.68,0.61,0.67,0.76,0.45,0.43,-0.36,0.2,-0.13,0.31,0.37,0.34,0.09,0.46,0.13,0.27975,0.010946784141255606
2015-05-05,-2.33,-0.79,-1.48,-1.07,-0.77,0.03,-0.64,-1.36,-0.94,-0.63,-1.79,-1.17,-2.27,-1.26,-1.11,-1.33,-0.56,-0.6,-0.59,-1.6,-1.36,-0.93,-1.11,-1.27,-1.58,-1.72,-0.78,-0.58,-2.01,-0.76,-2.05,-1.66,-1.32,-1.18,-1.33,-1.56,-1.47,-1.41,-1.54,-0.91,-0.98,-0.86,-0.3,-0.48,-1.03,-1.28,-1.06,-0.4,0.2759,0.0011372708295991352
2015-05-06,0.14,-0.42,2.5,0.36,0.95,-1.72,-0.69,-0.68,0.25,-0.13,-0.58,-0.58,0.66,0.15,0.23,-0.23,-0.23,0.07,-1.46,2.32,0.18,-0.07,-0.04,0.31,-1.26,0.25,-2.28,-0.66,-4.07,0.03,-0.44,-0.79,-1.06,0.26,-0.67,-0.39,-0.08,0.03,-0.75,-0.15,-0.43,-0.07,-0.61,0.36,-0.01,-1.17,-0.26,-0.58,0.276,-0.010115294293600474
2015-05-07,6.98,0.21,0.59,-0.89,0.87,0.21,0.06,0.59,0.72,-0.03,0.91,-0.32,0.26,1.4,0.36,0.92,0.5,0.21,-0.29,0.4,-0.08,0.64,0.17,0.42,-0.93,0.38,0.02,-0.44,-1.51,-2.67,0.01,-0.9,1.31,0.47,0.41,0.5,0.31,-0.44,0.55,1.96,0.26,0.96,0.51,0.13,0.25,0.47,0.62,-0.06,0.27885,-0.0054034643927418635
2015-05-08,-0.17,0.58,-0.6,0.75,1.19,-0.85,0.2,0.39,0.15,0.12,0.29,0.12,1.26,0.85,0.8,0.62,0.59,0.06,1.43,-0.72,0.23,0.53,0.78,2.26,-0.57,-0.17,0.67,0.83,3.43,2.19,0.66,0.63,0.18,0.49,0.89,0.55,-0.24,1.01,1.59,0.7,0.58,0.56,0.5,0.25,0.63,0.97,0.71,1.04,0.27985,0.005851036668104159
2015-05-11,1.28,0.23,0.42,0.07,-1.24,2.02,0.01,1.17,-0.05,0.07,0.1,0.11,0.49,-0.16,-0.14,0.22,-0.29,-0.94,0.29,-0.57,-0.29,0.72,0.63,-0.26,0.59,0.43,0.79,-0.09,0.36,-1.68,-0.5,-0.05,0.49,0.33,0.01,0.0,-0.25,0.05,-0.74,0.15,0.18,0.23,0.34,0.33,0.05,-1.65,0.08,0.03,0.2766,0.011199197616929446
2015-05-12,-0.28,-0.37,-1.47,0.58,-0.06,-0.34,0.11,-0.85,-0.67,-0.37,-0.67,-0.75,0.05,-0.77,-0.5,-0.85,-0.93,-0.9,-1.67,-0.89,0.44,-0.18,-0.45,0.02,-0.74,0.33,1.05,0.21,-0.01,1.65,-0.21,0.01,-2.9,-0.25,-0.31,-0.08,-0.13,-0.75,-0.68,-0.57,0.06,-0.64,0.24,-0.15,-0.18,-0.31,-0.75,0.04,0.275,-0.005998384184846994
2015-05-13,0.5,-0.1,0.2,0.88,0.01,-0.16,0.09,-0.46,-0.43,-0.86,-0.2,-0.23,-0.32,0.14,0.62,-1.15,0.94,0.66,0.69,-0.01,0.56,-0.16,0.25,-1.29,0.38,0.02,0.88,2.0,-2.99,-0.87,-0.71,0.4,-0.17,0.43,-0.07,0.34,1.53,0.19,1.69,-0.85,-0.17,-0.38,-0.29,0.08,0.03,-0.79,-0.18,-0.09,0.2739,-0.0015455067689280622
2015-05-14,0.62,1.62,2.11,0.19,2.31,0.24,0.2,0.79,0.61,0.62,0.81,1.02,0.72,0.75,1.06,1.65,0.94,0.85,1.15,0.75,0.75,0.63,0.8,0.85,0.04,0.95,0.3,1.01,-0.52,-0.91,1.23,0.33,0.67,0.89,0.68,1.02,0.23,1.36,0.56,0.38,1.05,-0.22,0.33,0.4,0.66,1.6,0.68,0.91,0.276,0.0003856959615897715
2015-05-15,-0.16,-0.1,1.7,-0.52,0.16,0.09,0.11,1.13,0.75,-0.47,0.07,-0.15,0.27,0.45,-0.25,0.02,-0.48,-0.17,-0.65,-0.49,0.46,0.15,0.23,0.62,0.24,0.77,1.79,0.09,-1.44,0.36,1.07,0.43,0.63,-0.19,-0.02,0.45,-0.07,-0.24,-0.43,0.12,0.03,0.57,0.22,-0.46,-0.59,0.06,-0.46,1.2,0.2765,0.010302717396240224
2015-05-18,0.43,0.36,-0.82,0.8,-1.14,-0.22,0.49,1.14,1.27,1.74,0.47,0.95,0.97,0.16,0.62,1.75,0.47,0.1,0.01,0.42,0.29,0.18,0.48,-0.31,0.9,0.5,-0.3,-1.46,-1.75,0.14,0.29,0.36,-0.34,0.48,1.26,1.02,0.84,0.29,1.62,1.02,0.95,0.66,0.35,0.72,0.81,-0.06,0.72,0.16,0.276,-0.0003628621936719867
2015-05-19,-0.91,-0.17,-0.82,-0.19,-0.33,0.25,-0.26,-0.01,0.08,-0.77,-0.05,-0.67,-0.58,-0.9,-0.08,0.06,-0.04,-0.05,-1.93,-1.16,-0.78,-0.51,-0.67,0.15,-1.5,-0.5,-4.44,-3.0,-3.51,-3.02,-0.1,-0.79,0.01,-0.1,-0.23,-0.39,-0.16,-0.36,1.21,-0.69,-1.06,-0.95,0.49,0.32,-0.2,-0.28,-0.37,-0.1,0.281,0.003841937402416118
2015-05-20,-0.63,0.37,0.06,1.45,-0.14,-0.07,0.02,0.52,-0.17,0.34,0.16,0.51,1.4,0.12,-0.43,-0.09,-0.51,1.25,-0.34,-0.4,0.02,0.09,0.2,0.07,0.28,-0.39,1.45,1.11,-0.28,0.29,0.13,0.77,-0.08,-0.03,-0.26,-0.01,-0.37,-0.11,-0.26,-1.34,0.06,-0.53,-0.05,0.01,0.16,0.28,-0.06,-1.51,0.2835,-0.000779502706424573
2015-05-21,-1.08,-0.14,-0.3,-0.55,-0.32,0.31,-0.02,0.2,0.53,-0.33,-0.39,-0.17,-0.22,0.13,0.35,-0.01,0.35,0.46,-0.4,0.35,0.59,-0.04,0.31,0.33,0.18,0.52,-0.78,-0.1,1.79,2.13,0.1,0.13,0.19,-0.21,0.11,-0.18,0.23,-0.37,-0.54,0.33,0.05,0.17,-0.58,-0.06,-0.38,-0.4,-0.15,-0.54,0.282,-0.0010527307483085835
2015-05-22,-0.14,-0.21,0.23,-0.21,-0.88,0.25,-0.58,-0.59,0.15,-0.28,0.08,-0.34,0.33,-0.43,-0.77,-0.93,-0.87,-1.1,-0.83,-1.65,-0.13,-0.9,-0.33,-0.25,-0.54,-0.84,0.14,-0.08,-3.0,-0.79,-0.32,-0.26,-0.04,-0.36,0.41,0.39,-0.36,-0.67,-3.31,-0.65,-0.31,-0.68,-0.25,-0.3,-0.41,0.55,0.3,0.09,0.2845,0.002262970943574416
2015-05-26,-1.36,-0.57,-0.36,0.13,-0.24,-1.37,0.05,-1.24,-1.19,-1.83,-1.32,-1.14,-0.37,-1.12,-1.66,-1.46,-0.68,-1.14,-1.89,-1.6,-1.29,-1.04,-1.21,-1.29,-1.86,-1.37,-2.0,-2.38,-4.56,-2.42,-0.92,-0.65,-1.06,-1.06,-1.02,-1.09,-1.1,-1.3,1.58,-1.35,-1.37,-0.44,-0.44,-0.59,-1.0,-1.16,-0.29,-0.89,0.28585,-0.002356418045712183
2015-05-27,9.88,0.83,1.17,-0.3,1.39,-0.33,0.83,1.15,0.31,0.14,1.52,1.11,1.68,0.92,0.94,0.28,0.71,0.77,0.77,1.61,0.59,1.34,0.78,0.32,1.17,0.34,-1.24,1.1,-2.57,0.01,0.67,1.13,1.6,0.84,0.64,1.5,1.72,0.52,0.23,1.16,0.83,0.5,0.23,0.58,0.75,0.73,0.88,0.05,0.2835,-0.009509162846035868
2015-05-28,-1.76,-0.27,-0.28,0.26,-0.01,-0.08,-0.33,-0.16,-0.34,-0.15,0.82,0.31,0.21,0.42,0.42,0.2,0.02,0.04,-1.13,-0.63,-0.52,-0.32,-0.5,-0.26,-0.98,-0.39,1.03,0.48,-2.91,-1.03,0.2,-0.15,-0.58,0.16,0.71,0.19,-0.31,-0.13,-0.99,-0.83,-0.19,-0.07,0.07,-0.03,0.23,1.1,0.22,-0.12,0.28275,0.008142080514088823
2015-05-29,-0.41,-0.24,-0.27,-0.15,-0.78,-1.14,-0.69,-0.8,-0.74,-0.39,0.18,0.07,0.5,0.23,-0.86,-0.58,-0.48,-0.73,-0.79,-1.23,-0.76,-0.98,-0.63,-0.8,-0.28,-0.43,2.17,-0.52,-1.93,0.19,-0.31,-0.14,1.93,-0.62,-0.58,-0.27,-0.11,-0.73,-1.66,-0.78,-0.67,-0.77,-0.86,-0.25,0.29,-0.5,-0.71,0.01,0.28375,-0.0007586725462954691
2015-06-01,-0.54,0.24,0.79,0.07,-0.18,-0.38,-0.72,0.14,0.07,-0.42,0.81,0.17,0.27,0.37,0.38,0.54,-0.11,0.23,0.57,-0.03,-0.15,-0.45,0.52,0.16,-0.9,0.37,-1.33,-1.03,-1.99,-0.77,0.03,-0.19,1.77,0.24,-0.13,0.15,-0.04,1.2,-0.39,0.55,0.08,-0.42,-0.33,-0.18,-0.02,0.76,-0.07,-0.31,0.2825,-0.0056680559348453174
2015-06-02,0.06,-0.35,-0.28,1.15,-0.79,0.37,0.11,-0.31,0.86,1.14,-0.45,0.4,0.49,1.09,0.37,0.33,0.37,0.47,0.77,-0.01,0.57,0.41,0.84,0.19,1.62,0.62,-0.81,1.92,5.3,2.49,-1.04,0.33,-0.34,0.39,0.39,0.16,0.94,0.13,1.44,0.36,0.12,0.57,0.4,0.75,0.1,-0.73,0.49,0.61,0.2787,0.0008394126497728305
2015-06-03,0.0,0.4,0.53,0.03,-0.31,0.86,1.35,0.68,0.42,1.1,0.15,1.1,2.06,0.65,0.84,0.82,0.98,1.56,1.09,-0.34,1.13,1.18,0.34,1.04,0.77,1.0,-0.44,-0.27,0.71,-0.72,-0.95,1.5,0.36,1.19,0.97,1.16,1.57,0.36,0.4,0.98,1.02,1.26,1.0,0.66,1.02,0.36,1.45,0.32,0.2792,0.00010897456398972771
2015-06-04,-0.4,-0.96,-0.74,-1.03,-0.64,-0.7,0.02,0.03,-0.4,-0.23,-0.09,-0.73,-0.4,-0.88,-0.29,-0.57,-0.96,-1.39,-1.61,3.24,-0.89,-1.06,-1.22,-1.3,-0.43,-1.32,-0.15,-0.55,-2.82,-1.91,-0.73,-1.33,-0.93,-0.92,-0.78,-0.68,-1.72,-0.93,0.02,-0.59,-0.91,-0.4,-0.42,-0.49,-1.0,-1.51,-0.85,-0.83,0.2789,0.0008102779662564341
2015-06-05,0.81,0.26,-0.2,-0.16,-2.32,1.75,0.23,0.71,0.4,1.16,0.86,0.43,1.5,0.31,0.19,0.54,0.54,1.11,-0.07,-0.06,0.69,1.06,-0.23,0.0,0.05,0.36,-1.49,0.05,-0.79,1.41,-0.76,0.67,0.49,0.85,0.82,0.57,0.66,-0.09,2.4,1.11,0.32,-0.11,1.03,0.86,0.37,0.69,0.78,0.34,0.2812,-0.008170998745114288
2015-06-08,-0.92,-0.07,-0.42,-0.51,0.18,-0.31,-1.32,-0.75,-0.18,-0.9,0.17,-0.09,0.48,-0.4,-0.83,-0.42,-0.71,-0.58,-0.76,-0.35,-0.88,-1.06,-0.48,-0.41,-0.75,0.48,0.37,-1.45,-5.05,-0.71,-0.27,-0.84,-1.06,-0.67,-0.66,-0.97,-0.5,-0.5,-0.7,-1.86,-0.36,-0.65,-0.46,-0.04,-0.72,-1.03,-0.27,-0.2,0.2822,-0.0013125927213112343
2015-06-09,0.92,0.32,0.43,-0.12,0.79,-0.48,0.41,-0.35,-0.34,-1.14,-0.28,-0.59,-0.82,-0.31,0.42,-0.13,-0.16,-0.32,0.44,-0.2,-0.18,-0.46,-0.21,-0.45,-1.16,0.68,-2.21,-0.86,0.53,0.35,-0.19,-0.09,0.13,-0.31,-0.12,-0.03,-0.05,0.39,-0.38,-0.53,-0.15,-0.68,-0.27,0.34,-0.16,0.14,-0.55,-0.4,0.2855,-0.006342190772956169
2015-06-10,1.53,0.24,1.69,0.73,1.54,0.5,0.65,1.55,0.86,-0.09,1.2,0.54,0.96,1.47,1.24,1.83,1.21,1.3,1.14,2.47,1.21,0.86,1.47,1.72,1.55,2.2,2.61,1.77,-1.69,1.61,0.51,0.97,0.64,1.2,0.99,1.1,0.52,1.19,4.78,1.15,1.61,0.88,0.97,1.12,1.96,0.11,1.7,1.11,0.28785,0.0009860413227786857
2015-06-11,0.43,0.3,0.12,-0.44,-0.65,0.4,-0.27,0.0,0.39,-0.52,0.05,-0.03,0.11,0.32,1.07,0.99,0.15,0.53,-0.56,0.57,-0.19,-0.25,-0.21,0.51,0.47,0.5,-1.46,-0.59,-3.22,-1.56,0.52,-0.1,0.96,0.02,0.12,0.03,-0.06,0.62,0.68,0.11,0.03,0.37,0.31,-0.06,0.76,1.12,0.11,-0.43,0.28585,0.012070361914626293
2015-06-12,-0.07,0.3,0.32,0.41,-0.18,-2.2,-0.44,0.1,0.16,-0.03,-0.66,-0.03,-0.36,-0.23,0.45,0.25,-0.42,0.09,-0.54,0.58,-0.41,0.26,0.01,-0.34,-0.52,-0.6,-1.12,-1.53,-7.08,-1.12,-1.02,-0.45,0.18,-0.05,0.64,-0.28,-0.32,-0.37,-0.37,-0.42,0.0,0.21,0.66,0.1,-0.33,1.25,-0.19,-0.29,0.28605,0.0005649603110990942
2015-06-15,-0.3,-0.54,0.0,0.32,-0.23,-0.71,-0.42,-0.93,-0.32,-1.34,0.76,0.02,0.14,-0.4,-1.41,-1.01,-0.05,-0.25,-0.93,-1.19,-0.84,-0.22,-1.28,-0.48,-0.53,0.28,3.71,-2.21,-1.73,-0.72,-0.43,-0.14,-0.5,-0.33,-0.69,-0.18,-0.17,-1.12,-1.26,-0.56,-0.85,-0.45,-0.41,0.27,-0.17,-0.65,-0.46,0.12,0.28325,-0.007634818010167743
2015-06-16,0.17,0.86,-0.14,1.19,1.19,0.38,-0.48,0.82,1.5,0.82,0.24,0.34,-0.03,0.49,-0.71,0.94,0.4,0.06,1.45,0.58,0.0,0.05,0.03,0.52,-0.48,0.78,-1.45,-0.71,-1.2,0.84,0.39,0.76,0.69,0.59,0.43,0.27,0.43,0.41,-0.14,-0.46,1.03,0.24,-0.25,0.81,0.96,-0.29,0.29,0.11,0.28625,-0.0033854264261585776
2015-06-17,-0.43,0.09,0.12,-1.97,0.99,0.52,-0.05,-0.19,-0.22,1.51,-0.29,0.03,0.49,-0.28,-0.22,0.42,-0.42,-0.37,0.85,-0.58,-0.12,-0.23,0.17,-0.21,-0.51,-0.89,0.66,1.58,1.28,-1.18,0.59,0.09,-0.37,-0.09,0.21,0.02,-0.2,-0.09,0.31,-0.12,0.1,-0.04,0.28,-0.73,-0.2,-1.2,-0.04,0.2,0.2857,0.006304343957546976
2015-06-18,-1.76,0.48,1.58,0.96,1.69,0.8,0.53,0.73,0.67,1.07,0.96,1.08,1.59,0.63,0.42,1.45,0.74,1.02,-0.31,1.62,0.61,0.6,0.66,1.19,0.77,1.49,1.42,-0.24,0.53,-1.27,1.29,0.87,1.47,0.81,0.77,1.0,1.01,1.2,0.45,0.99,0.72,1.23,0.55,0.77,1.03,0.54,0.6,0.13,0.2808,0.001993027651052026
2015-06-19,0.32,1.13,0.58,-0.24,0.0,-0.69,0.25,-0.4,-0.26,0.55,0.03,0.66,-0.12,-0.49,-0.51,-0.4,0.06,0.57,-0.93,0.82,-0.56,-0.74,-0.14,-0.91,-0.46,-0.77,-2.18,-3.23,-1.3,-1.22,-0.66,-0.31,-0.03,0.06,-1.06,-0.27,-0.26,-0.39,0.55,0.32,-0.22,-0.32,0.02,-0.72,-0.2,-0.3,0.68,-0.25,0.2813,0.009269207109413813
2015-06-22,-1.26,0.26,0.46,-0.73,0.64,-0.1,0.61,0.84,0.59,-0.36,0.15,0.82,1.92,0.41,0.93,0.62,0.45,0.23,-0.5,-0.52,0.35,-0.15,0.23,0.54,-0.53,0.45,-0.11,0.45,6.31,0.4,0.44,0.68,-0.67,0.4,0.8,0.16,1.82,0.07,-0.37,0.5,0.9,0.26,0.31,1.07,0.77,0.14,0.38,0.53,0.28225,-0.004035745694082604
2015-06-23,0.67,0.64,-0.35,-0.38,-0.87,1.6,0.42,0.51,-0.01,0.5,0.23,-0.76,-0.01,-0.01,0.34,0.57,0.25,0.51,1.54,0.6,0.41,0.92,0.49,0.83,0.9,0.28,-0.35,1.46,-0.7,1.72,-0.63,0.12,0.55,0.85,0.07,0.06,0.07,-0.11,-0.29,0.13,0.78,0.71,-0.58,0.48,0.49,0.28,-0.13,-0.11,0.28075,0.00504611218934925
2015-06-24,-2.33,-0.61,-0.04,-0.56,-0.24,1.59,-1.31,-1.12,-0.35,-0.78,-1.5,-0.82,-1.5,-0.65,-1.06,-0.1,-0.72,-0.26,-2.32,-0.25,-0.32,-0.74,-0.85,-1.35,-2.08,-0.82,-2.96,-1.68,-3.21,-0.93,-0.68,-0.79,-1.09,-0.98,-0.99,-0.7,-0.55,-0.74,-1.04,-1.79,-0.75,-0.38,-1.11,-0.21,-0.88,-0.77,-0.66,-0.95,0.28075,0.0002307833702166473
2015-06-25,0.18,-0.41,0.82,-0.43,0.35,-0.07,0.36,-0.33,-0.45,0.82,1.62,-0.23,-0.46,-0.01,-0.01,0.84,-0.32,-0.45,-0.09,-0.18,-0.13,-0.29,-0.17,-0.11,-1.86,-0.36,-1.37,-0.43,-1.03,-0.72,-0.71,0.28,-0.35,-0.02,-0.12,-0.58,0.06,-0.1,-0.47,-0.43,-0.31,-0.31,-0.05,0.13,-0.04,-0.62,-0.14,-0.09,0.282,-0.006446420847008416
2015-06-26,0.54,-0.29,0.63,-0.91,0.64,-1.69,0.09,-0.3,-0.5,-0.2,0.3,-0.76,-1.49,-0.41,-0.3,-0.57,-0.11,0.55,1.31,1.12,0.09,-0.55,0.0,0.51,-1.81,1.31,-1.85,-2.02,-5.56,-0.79,0.3,-0.63,-0.22,-0.7,-1.18,-1.7,-0.06,0.49,-0.07,-0.53,-0.34,0.24,0.84,0.45,0.23,0.5,-0.24,-0.71,0.28175,-0.003478665062687236
2015-06-29,-3.97,-1.9,-1.81,-1.8,-1.58,-2.34,-2.45,-2.38,-1.64,-2.31,-2.37,-2.68,-3.29,-3.09,-2.44,-0.97,-2.56,-2.2,-3.51,-2.53,-2.34,-2.63,-3.06,-1.43,-2.31,-2.81,2.6,-0.11,5.3,-2.82,-0.99,-2.9,-3.34,-2.21,-2.12,-2.52,-2.21,-2.06,-1.49,-1.62,-2.33,-2.56,-2.12,-1.72,-2.2,-1.53,-2.71,-0.86,0.2837,-0.0018977436617004795
2015-06-30,0.99,0.31,-0.66,0.69,0.12,-0.99,1.14,-0.13,-0.41,0.48,1.2,0.2,2.62,0.28,-0.19,0.82,0.38,-0.25,-1.58,0.06,0.52,1.03,0.27,-0.51,-0.54,1.4,-2.34,-1.16,-7.84,0.09,-0.27,-0.09,-0.76,0.45,-0.2,0.42,0.83,-0.54,-0.64,0.58,-0.27,0.22,0.38,0.24,0.16,0.0,0.66,-0.05,0.2832,-0.01784018339931337
2015-07-01,-0.55,0.29,1.57,0.13,0.53,0.8,0.83,1.0,1.12,0.92,0.32,-0.69,-0.34,-0.28,-0.01,0.38,0.14,2.37,0.5,-2.04,-0.7,-0.36,0.0,1.29,0.74,0.09,-2.42,-1.03,-5.81,-3.53,0.08,0.39,0.22,-0.32,-0.18,-0.07,0.42,0.82,1.75,-0.24,0.28,0.44,0.0,0.8,1.29,0.35,0.35,-0.12,0.2836,0.002818788741604905
2015-07-02,-0.47,-0.5,-1.69,-0.27,-0.28,-0.13,-0.31,-1.39,-0.71,0.53,-1.37,-0.46,-0.33,-0.76,-0.85,-0.42,-0.45,-1.18,-0.95,1.71,0.03,-1.0,0.17,-1.28,-0.15,-1.34,2.97,-0.6,0.23,-0.2,1.03,-0.45,-1.08,-0.71,-0.41,-0.56,-0.66,-0.57,-0.36,-0.01,-0.75,-0.32,-0.07,-0.67,-0.56,0.05,-0.68,-0.03,0.2835,0.005336250120948183
2015-07-06,0.03,-0.41,-0.93,-0.55,1.04,-0.67,0.12,-0.74,-0.45,-0.4,0.17,0.47,0.71,-1.42,-0.72,0.38,-1.22,-0.47,-1.79,-1.03,-0.98,-1.14,-1.24,-0.42,-1.74,0.07,1.21,-2.74,-1.87,-3.78,0.18,-1.16,0.05,-0.34,-1.27,-1.0,-0.41,-0.63,-0.97,-0.41,-0.5,-0.04,0.21,-0.03,0.12,-0.7,-0.65,-0.72,0.28425,-0.0019634355341647813
2015-07-07,0.68,0.73,0.85,0.07,2.0,-1.25,-0.19,-0.16,0.2,-0.73,-0.38,-0.72,-0.34,-0.9,0.2,-0.15,-0.32,-0.26,-1.5,-1.54,-0.31,0.53,-0.32,-0.24,0.58,-0.39,-5.33,-0.55,-7.78,1.87,1.78,-0.57,-0.62,-0.25,0.12,-0.82,-0.62,-0.06,0.22,0.59,-0.19,0.65,0.59,-0.39,0.08,0.6,-0.47,0.03,0.28325,-0.0021359874175671534
2015-07-08,-2.18,-0.73,-1.13,-0.98,-1.05,-1.79,-1.98,-1.54,-1.49,-1.56,-2.0,-1.97,-3.03,-2.6,-1.09,-1.73,-1.87,-2.93,-3.05,-1.23,-2.24,-2.92,-2.97,-1.49,-1.88,-0.93,-1.2,-4.49,-6.19,-3.82,-0.77,-2.02,-1.44,-1.56,-1.4,-2.45,-2.17,-1.94,-2.19,-1.87,-1.87,-1.4,-1.49,-0.8,-1.09,-2.08,-1.26,-1.16,0.28345,0.003933226990478822
2015-07-09,0.07,-0.19,0.21,0.38,-0.19,0.25,1.1,1.08,0.33,-0.23,0.8,0.8,1.18,0.62,-0.11,0.15,0.51,0.98,0.33,1.2,0.02,0.74,0.03,0.45,1.16,0.85,0.23,-0.07,-0.52,1.98,-0.79,0.31,0.82,0.93,-0.09,-0.08,-0.22,0.23,0.25,0.67,1.09,0.58,0.51,0.66,0.27,0.72,0.76,0.02,0.28600000000000003,-0.013442975839637827
2015-07-10,2.74,1.11,2.54,0.94,1.02,1.13,1.55,1.6,0.97,2.3,1.37,1.19,2.59,1.95,1.03,1.91,0.77,1.23,0.52,-0.64,0.63,1.48,0.99,0.9,0.97,1.91,-1.33,1.29,-0.46,-1.01,0.74,1.49,1.22,1.38,1.33,1.54,1.35,1.44,1.23,1.8,1.08,1.17,1.28,0.96,1.64,1.48,1.2,0.92,0.2858,0.0014684909863103002
2015-07-13,0.63,0.66,1.55,1.27,0.38,3.09,0.95,0.89,0.97,1.78,1.01,0.94,2.14,1.33,0.62,1.07,0.94,0.38,1.7,0.5,1.15,1.86,1.88,0.45,1.64,1.72,1.4,1.87,5.88,-0.22,0.37,1.38,0.59,0.75,1.02,0.78,0.96,1.34,0.86,1.41,0.81,1.17,1.53,0.44,0.42,0.65,0.77,0.68,0.2888,0.013294445050490822
2015-07-14,1.23,-0.1,1.25,-0.57,0.33,-1.01,0.34,0.25,0.43,-0.44,1.01,0.76,1.77,0.46,0.86,0.43,0.27,0.59,0.46,-1.36,0.48,-0.08,-0.1,0.73,-0.13,0.71,-2.7,1.29,0.55,2.47,0.11,0.56,-0.38,0.47,0.63,0.79,-0.18,0.09,0.23,-0.87,0.37,-0.09,-0.35,0.2,0.31,0.56,0.53,0.39,0.2885,0.00946618160578483
2015-07-15,-1.04,-1.06,-0.4,-0.9,0.04,-0.18,-1.1,-0.73,-0.48,-0.68,-0.94,-0.43,-0.43,-1.27,-0.92,-0.79,-1.07,-1.92,-2.16,-1.85,-1.32,-1.21,-1.04,-0.99,-1.91,0.48,-2.85,-2.35,-10.89,-3.21,-0.16,-0.59,-0.33,-0.84,-0.41,-1.03,-1.09,-0.43,-0.8,-1.26,-1.43,-0.45,-1.67,0.14,0.23,-0.77,-0.19,-1.01,0.2885,0.004424418078747605
2015-07-16,0.92,0.72,-0.48,0.59,2.53,-0.4,1.26,0.49,-0.64,-0.55,0.5,0.39,1.13,-0.34,0.85,0.76,0.63,-0.07,-0.4,0.29,-0.14,-0.34,-0.71,0.9,1.46,0.61,-0.53,-1.02,-2.72,-1.48,1.45,1.66,1.23,0.7,0.23,0.0,0.64,0.22,0.51,0.48,0.92,0.72,0.58,0.22,0.4,0.36,0.04,0.81,0.287,0.0007302189144184901
2015-07-17,-0.16,-0.39,1.08,0.4,0.34,-0.54,-0.89,-0.17,-0.57,-0.48,-0.04,0.09,0.32,-1.14,-1.16,-0.64,0.24,-0.65,-1.34,-1.2,-0.84,0.11,0.22,-0.19,-1.63,-0.78,-3.11,-1.1,-6.5,-2.96,-0.94,-0.23,-0.34,-0.36,-0.34,-0.47,-0.57,-0.62,-1.14,-0.36,-0.47,-1.1,-0.47,-0.14,-0.28,-0.41,-0.41,-0.29,0.29175,0.007699414665716775
2015-07-20,-1.57,-0.73,-0.05,-0.18,0.44,-1.28,-0.98,0.98,-0.62,-1.22,-1.27,-0.83,-1.36,-1.48,-0.36,-1.2,0.51,-1.11,-1.91,-1.16,-0.94,-0.37,-0.59,-0.59,-1.99,-1.01,-9.74,-2.83,-7.32,-3.79,-1.0,-1.37,-1.17,-0.91,-0.94,-1.39,-0.89,0.26,-0.62,-0.82,-1.15,-0.95,-0.49,-0.09,-1.09,-0.68,-1.31,-1.27,0.295,2.3532536602699494e-05
2015-07-21,-0.47,-0.19,0.3,0.59,-0.21,-0.39,0.29,-0.69,-0.35,-0.72,-0.99,0.17,-0.46,-0.8,-1.05,-0.55,-0.63,0.08,0.21,0.16,-0.61,-0.34,-0.13,-1.96,1.06,-0.3,2.82,1.69,4.31,0.25,-0.86,-0.17,0.33,-0.68,-0.45,0.23,-0.56,-1.37,-0.77,0.74,-0.73,-0.64,0.09,-0.07,-0.2,-0.84,-0.36,-0.21,0.2941,0.0003291021782203529
2015-07-22,0.22,0.56,-0.57,-0.23,0.27,0.53,-1.08,0.63,-0.02,-0.04,0.09,0.13,0.46,-0.39,-0.28,0.56,0.34,1.13,-0.6,-1.17,-1.15,-0.8,-0.4,-0.71,-1.18,-0.4,-2.3,-2.53,0.38,-2.58,0.0,-0.37,0.75,-0.16,-0.43,-0.86,-0.33,0.06,0.74,-0.86,-0.47,0.62,0.88,0.5,0.08,0.23,-0.28,-0.1,0.2925,-0.004390067347365134
2015-07-23,-2.59,-0.76,-1.02,-0.23,-0.42,-0.64,-0.79,-0.82,-1.3,-1.66,-0.24,-0.53,-0.14,-0.26,-0.61,-2.27,-0.88,-1.91,-0.4,-4.63,-0.68,-1.17,-0.51,-0.68,-1.32,-0.91,-3.51,-0.25,-3.59,0.22,-1.39,-0.76,-0.99,-0.58,0.31,0.17,-0.38,-1.35,-1.44,-1.31,-0.92,-1.46,-1.66,-0.93,-0.64,-1.41,-0.74,-0.69,0.2951,-0.0019120148968083672
2015-07-24,-1.88,-1.18,-0.04,-0.63,-0.68,-1.84,-1.0,-1.1,-1.11,-1.0,-0.5,-1.36,-2.49,-1.96,-2.11,-0.94,-1.47,-2.07,-2.77,-3.05,-2.01,-1.36,-2.07,-1.63,-1.05,-1.28,4.73,-3.42,-4.43,-2.42,-0.48,-1.17,-2.28,-1.26,-1.38,-1.22,-1.4,-1.95,-1.13,-1.66,-1.43,-1.07,-1.19,-0.56,-0.05,0.03,-0.96,3.05,0.2936,-0.005638136421158291
2015-07-27,-3.17,-0.24,-0.07,-1.83,0.27,-1.13,-1.61,-1.78,-1.9,-1.35,-1.09,-0.99,-1.47,-1.02,-1.43,-1.61,-1.32,-1.04,-1.36,-0.27,-1.26,-0.29,-1.21,-1.43,1.77,-0.12,-1.36,-2.23,-1.59,-2.81,1.04,-1.13,-0.72,-1.36,-1.24,-1.03,-1.25,-0.77,-0.71,-1.72,-1.58,-1.39,-1.0,-0.29,-0.42,-0.9,-0.36,-1.37,0.2941,-0.011440201458635557
2015-07-28,-0.78,1.5,1.13,0.51,2.68,-0.11,-0.8,0.91,1.18,0.45,0.47,0.09,1.4,1.23,0.78,1.93,1.39,1.14,1.9,-1.58,1.28,0.6,1.33,1.14,1.1,1.62,1.97,2.87,3.61,2.79,0.99,0.38,0.65,0.33,0.1,0.98,0.55,0.75,1.53,2.13,0.75,0.38,0.68,0.05,0.07,-1.32,0.74,0.47,0.2968,-0.0035800101103463655
2015-07-29,1.76,0.32,-0.05,0.34,-0.17,0.79,0.81,0.66,1.74,1.35,0.01,0.88,-1.29,1.18,0.81,-0.19,0.78,1.76,2.82,0.67,1.18,1.24,1.53,1.07,3.68,0.38,7.2,4.65,-2.75,3.28,0.53,0.93,2.29,0.14,0.66,0.29,0.07,-0.34,1.39,2.91,1.59,0.48,2.01,0.26,0.73,0.59,0.85,0.18,0.2968,0.011565834118073104
2015-07-30,-0.19,1.13,-0.03,-0.88,0.59,0.67,1.73,-0.47,0.41,1.12,0.05,-0.22,-0.53,0.77,1.31,1.68,0.54,1.02,-1.32,0.65,-0.05,0.0,0.23,0.09,-1.88,-0.34,-3.71,-1.87,3.08,-2.17,0.07,0.47,-1.52,0.47,1.06,0.87,0.7,0.99,-0.33,-0.86,0.18,0.49,0.38,0.21,0.41,-0.05,-0.13,-0.07,0.3001,0.00576697297110873
2015-07-31,0.25,0.13,2.77,0.72,0.32,-0.55,0.09,-0.89,-0.56,0.65,1.5,0.62,0.99,-0.05,-0.86,-1.05,1.14,0.25,-1.1,-3.6,0.16,0.64,0.45,0.44,-0.25,-0.36,2.89,-0.38,-2.98,-2.57,0.69,1.09,0.53,0.71,-0.56,0.12,-0.4,0.58,0.14,1.31,0.08,0.44,1.39,0.09,0.37,-0.42,0.15,-0.11,0.3086,0.0022878843228297807
2015-08-03,-0.97,-0.11,-0.2,-0.62,0.62,-2.4,-0.6,-0.03,-0.71,-1.26,-0.39,-1.28,-0.38,-1.29,-1.47,-0.72,-0.71,-1.15,-1.72,-0.53,-1.52,-0.47,-0.73,-0.4,-2.46,-1.68,-5.27,-3.65,-6.96,-2.92,-0.45,-0.48,-1.9,-0.81,-1.23,-1.03,-0.73,0.26,-0.89,-0.12,-0.56,-1.07,0.4,0.03,-0.21,-0.3,-0.28,-0.32,0.3037,-0.0033671659736775883
2015-08-04,-0.56,0.56,0.92,0.53,0.52,-0.95,1.45,1.19,0.35,0.43,0.82,0.03,-0.01,0.36,0.54,1.03,0.24,-0.17,-0.83,-2.39,-0.51,-0.65,-0.56,-0.24,-0.56,1.23,1.99,1.21,-5.8,-0.79,-1.41,-0.14,-0.18,-0.14,-0.83,-0.74,-0.37,0.54,0.2,0.41,-0.88,0.42,0.53,0.23,-0.18,0.42,0.22,-1.04,0.3011,-0.003235965973874766
2015-08-05,-0.78,0.14,1.01,0.57,0.47,1.32,-0.26,-1.35,0.76,0.58,0.61,-0.4,0.18,-0.15,0.77,-0.42,-0.49,-0.61,-0.6,1.61,2.06,0.66,0.26,0.18,0.71,1.07,-6.31,0.06,-5.61,-1.2,0.14,-0.77,0.54,0.67,0.71,0.61,0.05,0.18,0.68,0.46,0.22,0.29,-0.61,0.31,0.19,0.54,-0.54,0.01,0.3109,-0.0011488463817749262
2015-08-06,-1.61,-0.8,-2.04,-0.03,-0.59,-0.7,-1.22,-3.33,-1.08,-0.67,-1.06,-1.76,-3.28,-0.41,-0.91,-0.91,-0.1,-0.61,2.12,-2.12,0.56,-1.95,0.2,0.35,2.81,0.82,4.66,1.86,6.56,3.65,-0.39,-1.47,-0.76,-1.52,0.32,-0.84,-0.95,-1.27,0.17,-0.78,-0.29,-1.68,-2.1,-0.59,-0.97,-1.56,-0.73,0.92,0.3114,0.0026154051495472785
2015-08-07,-1.07,-0.11,-0.43,0.71,-0.88,-1.75,0.72,0.53,0.24,0.15,-0.56,-0.9,-0.53,-1.86,-0.23,-0.02,-1.03,-0.62,-3.18,1.21,-0.46,-0.74,-0.12,-0.86,-0.35,-1.48,-4.23,-1.38,-6.49,-3.22,0.48,0.45,0.7,-0.37,0.14,-0.95,-1.1,-0.04,0.1,-1.72,-0.83,-0.65,-0.78,-0.3,-0.35,-0.42,-0.44,-0.91,0.3116,-0.008634960371295963
2015-08-10,0.74,0.71,-0.52,0.03,0.46,1.65,-0.36,0.88,0.69,0.92,0.46,0.97,1.12,1.96,2.17,1.33,2.13,2.51,4.31,6.55,2.44,1.35,1.45,2.96,3.74,0.64,6.87,4.66,7.83,6.72,0.49,1.63,1.19,0.86,1.33,1.47,1.65,2.57,1.73,1.59,1.52,1.03,-0.57,0.79,1.01,1.17,0.72,0.78,0.3142,-0.0007827326845868399
2015-08-11,-1.28,-0.95,0.01,-0.16,-0.26,-1.95,-0.86,-2.71,-1.66,4.8,-0.58,-0.28,-1.81,-1.52,-1.13,-0.09,-0.42,-0.23,-1.6,-3.29,-1.1,-1.81,-1.6,-0.42,-0.57,-0.77,1.34,-2.45,4.66,-1.29,0.32,-0.51,-1.63,-0.97,-1.48,-1.64,-1.28,-1.47,-0.73,-0.57,-0.21,-0.66,-1.49,-0.79,0.1,-0.02,-1.56,-0.66,0.31435,0.010418135786198102
2015-08-12,15.74,0.04,0.04,-0.81,0.1,-0.08,-0.37,-0.25,-0.52,-4.03,-0.07,0.44,0.65,0.08,0.12,0.63,0.1,0.79,-0.46,-0.25,0.2,0.64,-0.17,-0.31,0.15,0.1,9.33,1.66,8.71,2.6,1.56,0.1,0.75,-0.06,0.4,0.63,-0.01,-0.34,-0.13,-0.44,0.07,-0.07,-0.35,-0.71,-0.48,-0.87,-0.22,0.52,0.3093,-0.010253590643430788
2015-08-13,-0.56,-0.04,1.83,1.35,-0.33,0.18,0.02,0.29,0.51,0.81,-0.26,-0.2,-1.01,-0.4,0.46,0.12,-0.73,0.53,-1.27,3.11,-0.82,-0.07,-0.49,0.33,-1.24,0.85,-3.87,-1.73,-11.4,-3.03,-0.16,-0.07,-0.45,-0.3,-0.46,-0.37,-0.37,-0.9,-0.21,-0.59,0.79,-0.13,0.21,0.08,0.1,-0.94,0.01,1.06,0.3205,0.0024457463650555678
2015-08-14,-1.38,1.06,-0.89,1.39,-0.18,-0.08,-0.47,0.02,0.49,1.9,-0.41,0.43,-0.74,0.76,1.35,0.7,0.39,1.37,0.72,-4.03,0.5,0.74,1.0,1.21,1.77,0.41,1.48,0.57,0.21,-0.94,1.08,0.51,0.63,0.34,0.64,0.2,0.64,0.27,1.86,0.79,0.84,0.62,-0.15,0.91,0.91,0.65,1.31,-0.3,0.32445,-0.0014572206203538052
2015-08-17,-0.38,0.3,-0.24,-1.48,0.24,0.5,0.57,0.9,-0.31,0.57,0.62,0.75,2.35,0.55,0.77,0.17,0.66,0.27,0.27,1.5,0.39,-0.03,0.92,0.27,0.24,0.63,0.04,1.29,3.11,-0.53,0.66,0.09,0.48,0.37,0.58,0.54,0.79,0.91,0.27,0.4,-0.03,0.65,0.14,0.2,0.61,-0.43,0.03,-0.18,0.33285,0.003144300366340058
2015-08-18,-0.8,-0.72,-0.45,-1.1,-0.55,-0.85,-1.12,-0.9,-0.11,-0.97,-0.6,-0.32,-1.26,-0.77,-0.95,-0.04,-0.46,0.67,-2.02,-0.8,-0.53,-0.95,-0.56,-0.2,-0.82,-0.77,-1.83,-2.19,-5.09,0.25,-0.5,-0.48,-1.1,-0.85,-1.13,-1.31,-0.81,-0.92,-0.18,-0.42,-0.61,-0.34,-1.4,-0.17,-0.39,0.25,-0.87,0.22,0.33285,0.005881245771250043
2015-08-19,-3.69,-0.75,-1.5,-0.93,-0.55,-1.16,0.13,-0.27,-1.38,0.05,-0.57,-0.76,-1.21,-1.67,-0.47,-0.32,-0.54,0.01,-1.22,-0.58,-1.49,-0.84,-1.14,-0.76,-2.0,-1.27,2.56,-1.74,13.68,-3.82,-0.08,-0.76,-0.93,-0.99,-0.08,-0.59,-0.54,-0.35,-1.08,-1.25,-1.06,-0.43,-1.18,-0.46,-0.54,-0.16,-1.31,-0.93,0.33335,-0.0029971831597541687
2015-08-20,-2.57,-1.13,-1.23,-2.83,-0.59,-0.98,-3.39,-2.09,-2.26,-2.14,-2.27,-2.13,-3.58,-2.33,-2.04,-2.12,-2.25,-2.2,-2.13,-2.67,-2.17,-2.05,-2.66,-2.17,-3.86,-2.35,2.37,-2.43,9.09,-2.91,-1.2,-3.08,-1.63,-2.32,-2.84,-2.83,-1.33,-2.45,-1.92,-2.7,-1.62,-2.3,-2.34,-1.41,-2.06,-2.54,-2.03,-1.36,0.3291,-0.009104321028947537
2015-08-21,-2.27,-1.53,-1.03,-2.46,-1.96,-1.77,0.06,-1.38,-1.69,-0.5,-1.12,-1.18,-0.62,-1.55,-1.03,-2.03,-1.39,-1.34,-1.97,-0.66,-1.78,-2.79,-2.52,-1.16,-1.63,-1.99,-4.77,-0.77,2.91,-3.86,-0.99,-0.69,-0.79,-1.58,-1.03,-1.05,-1.17,-1.92,-1.59,-2.23,-1.56,-2.73,-1.11,-0.45,-1.41,-2.05,-2.23,-1.76,0.3291,-0.02048056631171935
2015-08-24,-2.91,-3.02,-2.64,-3.33,-3.34,-3.43,-3.36,-3.58,-3.69,-3.75,-3.78,-3.73,-4.88,-3.68,-3.82,-3.51,-3.43,-4.17,-3.44,-5.56,-2.85,-2.71,-3.28,-2.84,-4.45,-5.2,-4.35,-5.94,-4.42,-5.48,-3.4,-4.05,-2.76,-3.65,-3.6,-3.01,-3.76,-4.08,-3.27,-3.49,-3.4,-2.95,-3.01,-2.91,-3.62,-4.32,-2.45,1.77,0.3316,-0.03388752334768108
2015-08-25,0.66,-0.91,-0.41,0.05,-0.21,1.37,0.0,0.97,-0.05,0.38,0.29,0.3,0.66,-1.23,-1.16,-0.08,-1.21,-1.97,-1.29,0.79,-0.88,-0.33,-1.05,-0.62,-0.82,-1.26,-5.31,-2.08,1.84,-0.4,-2.1,-0.88,-0.28,0.57,-0.32,0.08,-0.23,-1.51,-1.35,-1.3,-0.7,0.01,-0.21,-0.39,-0.65,0.41,-0.02,-2.36,0.327,-0.034129744386375616
2015-08-26,2.98,2.13,1.84,1.97,2.38,1.64,1.44,1.86,2.18,3.26,1.59,1.59,2.14,1.84,1.26,1.48,1.66,1.44,0.8,1.84,2.25,1.36,2.63,1.29,3.18,3.8,-5.6,0.12,2.64,2.03,1.55,1.56,2.16,2.19,2.47,2.62,1.86,2.15,0.85,1.83,1.9,2.59,2.09,1.78,2.0,1.45,2.25,0.76,0.3252,-0.013345041614253206
2015-08-27,0.82,1.28,0.5,1.51,1.19,1.86,2.14,1.78,1.8,3.71,1.34,2.5,2.72,3.63,1.8,0.97,2.08,2.83,5.4,-0.23,2.67,2.0,1.96,1.48,3.19,2.53,4.02,6.89,20.54,8.35,1.53,1.23,0.53,1.88,1.76,2.07,1.98,2.58,1.96,2.32,2.42,1.82,2.2,0.69,1.56,1.77,1.99,7.65,0.3244,0.037388877319449954
2015-08-28,1.26,1.06,1.07,0.58,0.2,0.68,0.87,2.43,0.97,-1.28,0.69,1.51,1.86,0.86,1.66,0.21,0.64,0.53,1.85,4.19,1.35,1.36,1.71,0.12,2.08,3.39,7.23,2.72,6.34,5.78,0.59,1.26,0.5,1.1,0.68,1.4,0.71,0.7,0.58,1.01,1.08,0.5,0.83,0.17,0.18,0.61,0.67,-0.49,0.32899999999999996,0.0222826369330118
2015-08-31,1.99,-0.23,0.24,0.46,-0.84,0.5,0.12,-0.35,0.06,-0.07,-0.78,0.45,-0.64,0.18,0.41,0.28,0.44,1.2,1.43,3.21,0.9,3.82,0.24,-0.65,0.64,-0.54,-0.83,1.67,6.7,4.48,-0.89,0.55,-1.5,-0.34,0.06,0.09,0.48,0.13,-0.34,0.36,1.05,0.32,-0.98,0.71,-0.1,0.65,0.04,1.35,0.32899999999999996,0.0003373115515636904
2015-09-01,-3.23,-2.24,-1.85,-3.06,-2.44,-2.94,-2.36,-2.51,-2.33,-1.18,-1.62,-1.91,-1.52,-3.31,-2.08,-2.43,-1.53,-1.75,-2.73,-4.94,-2.95,-2.3,-2.75,-1.9,-3.61,-1.46,-1.1,-3.22,-11.51,-4.34,-2.35,-2.01,-2.31,-2.14,-2.25,-1.49,-2.05,-2.48,-2.81,-2.89,-2.07,-1.84,-1.43,-2.01,-2.3,-2.19,-2.58,-0.89,0.33399999999999996,-0.008375579050757587
2015-09-02,0.7,1.25,1.17,1.32,1.5,1.62,-0.23,0.82,1.44,1.88,1.63,0.7,2.35,0.43,1.53,1.81,0.89,2.25,0.79,-1.0,0.59,1.02,0.78,0.58,1.88,2.23,-3.64,0.08,2.88,0.28,-0.03,0.47,1.2,1.31,0.49,1.62,0.69,0.56,0.54,1.5,0.66,1.32,1.55,0.78,1.49,0.14,0.49,1.6,0.3325,-0.02719162420220156
2015-09-03,2.24,1.08,-0.38,-0.03,1.72,0.28,-0.34,0.87,0.18,0.77,-0.26,0.05,-1.56,1.12,0.05,0.25,0.77,0.82,-0.2,0.53,0.08,0.47,0.54,0.28,-0.86,-0.26,0.49,0.44,-1.43,0.81,0.2,1.24,0.25,0.39,0.68,1.06,0.36,0.24,2.42,0.02,0.3,-0.16,-0.23,0.19,0.13,0.31,0.01,0.35,0.3335,0.01788137804060086
2015-09-04,-1.65,-0.9,-0.87,-0.1,-1.9,0.21,-0.34,-0.81,-0.84,-1.04,0.34,-0.27,0.62,-1.31,-0.49,0.33,-0.6,-1.04,-0.73,-0.09,-1.03,-0.32,-1.37,-0.93,-0.44,-0.19,0.5,-0.82,-3.86,-1.18,-1.35,-0.56,-0.72,-0.49,-0.72,-1.04,-1.17,0.12,-1.24,-0.25,-0.72,-0.24,-0.27,-0.34,-0.89,-1.21,-0.94,-0.54,0.332,-0.0015532317365907211
2015-09-08,1.35,1.03,2.41,2.06,2.11,0.8,1.9,1.42,2.06,-1.46,1.39,1.82,2.93,1.54,2.19,1.56,1.35,3.09,0.89,-2.94,1.38,1.45,1.51,1.59,0.24,2.53,-0.39,2.71,-3.73,1.39,2.07,1.51,2.35,1.81,2.01,2.61,1.96,1.42,3.33,1.79,1.57,1.55,1.9,1.4,2.04,-0.23,1.57,1.52,0.332,-0.010504354178624054
2015-09-09,-2.47,-1.4,-2.36,-0.61,-1.32,-0.65,-0.32,-1.9,-0.78,-2.27,-0.49,-0.92,-1.15,-0.37,-1.23,-1.3,-0.32,-0.7,-1.03,1.72,-1.09,-0.26,-0.7,-1.09,-1.78,0.32,-0.65,-0.7,-1.96,-3.39,-0.91,-0.5,-0.33,-0.8,-1.32,-0.92,-0.31,-1.32,-0.37,-1.07,-0.8,-1.52,-0.98,-0.38,-0.45,-1.93,-0.88,-1.23,0.33299999999999996,0.022907643271688594
2015-09-10,-0.02,1.11,-0.49,-0.31,0.49,0.42,-0.55,-1.38,-0.43,-0.3,0.22,0.39,1.56,-0.42,0.26,0.16,0.01,-0.64,-1.24,-3.88,-0.27,0.05,-0.24,0.18,0.78,0.61,0.76,-0.3,-5.31,0.8,-0.24,0.48,-0.45,0.19,0.47,0.7,0.43,-0.18,0.2,0.43,0.05,-0.48,-0.14,0.55,0.68,0.25,0.74,-0.23,0.336,-0.015146204946696162
2015-09-11,0.97,0.58,1.27,0.36,0.2,-0.75,0.48,1.09,-0.35,0.69,0.31,0.49,1.06,-0.12,-0.1,0.27,0.0,0.48,-1.11,2.01,-0.35,-1.07,0.05,0.7,0.51,-0.07,1.96,-2.29,-4.28,-3.15,0.49,0.82,1.13,0.33,0.04,-0.33,0.43,-0.63,-0.67,0.48,0.08,-0.41,1.55,0.14,0.76,1.56,-0.36,0.24,0.3372,0.005078304468328687
2015-09-14,-0.8,-0.8,-0.92,0.45,-0.13,-0.5,-0.27,-1.53,-0.57,-0.47,0.37,-0.05,-0.04,-1.51,-0.4,-0.7,-0.51,0.03,-3.53,0.97,-0.89,-0.51,-0.76,-0.19,-0.6,-0.63,0.21,-1.69,1.42,-2.61,-0.03,-0.49,-0.86,-0.66,-0.17,-0.77,-0.03,-0.25,-0.95,-1.02,-0.83,-0.29,-0.37,0.1,-0.36,-1.3,-0.66,-0.61,0.3355,0.005949477717350771
2015-09-15,0.63,1.15,0.87,0.91,1.37,1.26,0.59,1.48,1.64,1.58,0.51,0.82,0.5,0.77,1.23,1.29,1.17,0.65,1.2,-2.62,1.59,0.98,1.46,0.66,0.57,0.42,3.18,0.69,-2.48,2.1,0.7,1.27,2.08,1.1,0.56,0.97,0.79,0.56,3.47,1.97,1.03,0.62,0.14,0.78,0.8,1.0,0.91,0.45,0.33425,-0.0040549360492081465
2015-09-16,0.36,0.97,1.12,2.04,1.68,0.98,1.2,1.64,0.68,2.23,0.23,0.32,-0.18,1.42,1.16,0.74,0.93,0.65,2.78,1.1,2.33,1.33,1.63,0.63,1.63,0.02,5.45,2.32,3.53,5.12,1.15,0.71,0.9,0.53,0.76,0.76,1.04,0.61,0.99,1.47,0.77,1.5,0.22,0.08,0.35,-0.37,1.11,0.63,0.3396,0.011723208163959331
2015-09-17,-1.96,0.12,0.49,0.76,-0.3,0.22,1.05,-0.19,0.8,-0.99,0.77,0.79,2.66,-0.31,1.03,1.25,-0.33,0.17,0.19,-0.3,-0.85,0.72,-0.8,-0.51,-0.69,0.13,2.03,-0.59,-2.27,0.1,0.97,0.34,-0.06,0.4,0.53,0.15,-0.27,0.11,-0.44,0.4,0.09,0.38,0.39,-0.59,-0.05,0.82,-0.64,0.36,0.3451,0.008751142973770332
2015-09-18,0.17,-1.37,-1.23,-1.19,-0.94,-1.42,4.14,0.53,-1.4,-1.73,0.0,-0.28,0.71,-1.04,-1.15,-2.42,-1.51,-1.46,-3.16,-2.92,-2.23,-1.66,-1.36,-2.52,-2.26,-2.79,1.18,5.1,-2.85,1.37,-0.53,2.79,-0.67,1.58,-0.43,-1.12,-1.34,-1.66,-1.35,-2.0,-0.48,-1.91,-1.04,0.11,-1.33,-1.23,-1.47,1.51,0.3192,-0.0028415961896177677
2015-09-21,0.71,0.62,-0.28,-1.74,1.38,-0.43,-1.43,-1.04,-0.92,0.42,-1.2,-0.83,-2.87,0.41,0.82,0.45,-0.33,-0.4,-0.94,-0.26,0.05,-0.22,-0.24,0.34,-1.07,-0.47,-1.93,-4.98,0.14,-1.95,0.27,-0.74,0.93,-0.74,-0.6,-0.16,-0.24,-1.49,-0.02,-0.09,-0.07,0.3,0.15,0.37,0.82,0.17,0.55,-0.83,0.326,-0.014484920794262668
2015-09-22,-1.5,-1.34,-0.03,-0.35,-1.0,-2.08,-2.0,-1.65,-0.88,-0.87,-1.37,-1.97,-2.15,-1.62,-1.33,-1.33,-1.25,-2.06,-2.9,2.11,-1.47,-1.74,-3.01,-2.17,-2.22,-0.82,-4.65,-4.58,-6.71,-1.78,-1.08,-1.34,-1.5,-1.41,-1.37,-1.73,-0.92,-1.65,-2.29,-2.57,-1.33,-1.11,-0.82,-0.59,-0.99,-0.7,-1.31,-1.21,0.3265,0.00028051702818054913
2015-09-23,-0.2,0.03,-0.16,0.08,0.37,-0.75,-1.02,-0.13,-0.7,-1.35,0.08,-0.69,-0.37,-1.66,-0.51,-0.61,-0.46,-0.94,-2.35,-0.71,-1.73,-1.81,-1.47,-0.72,-2.55,-1.48,-0.93,-3.95,-6.4,-3.03,-0.23,-0.75,-1.57,-0.51,-0.39,-0.24,-1.12,-0.33,-1.29,-1.49,-1.07,-0.27,-0.15,0.25,0.17,-1.01,-0.47,0.29,0.3255,-0.00925365422541935
2015-09-24,0.04,0.64,1.85,0.35,-0.59,-0.15,-0.35,-0.31,0.15,0.11,-1.2,-1.01,-0.73,-0.51,0.16,-0.99,-0.75,0.73,1.09,0.66,-0.81,-0.16,-0.45,-0.38,-0.88,0.48,6.33,2.2,10.67,0.81,0.58,-0.51,-0.65,-0.25,-0.09,-0.26,-0.56,-0.39,-1.06,-1.34,-0.36,-0.5,-0.75,0.34,-0.19,-0.18,-0.43,-0.92,0.3264,-0.004338080238869502
2015-09-25,-1.17,-0.14,-0.82,-1.49,0.53,-1.44,-1.04,-0.85,-0.38,-1.07,-3.29,-2.22,-5.93,-1.12,-1.43,-0.81,-1.0,-1.06,-2.46,-2.32,-0.62,-1.73,-0.48,-1.08,-1.47,-1.19,-1.65,-2.08,-8.46,-2.35,0.37,-0.82,-0.66,-1.5,-1.03,-0.66,-1.13,-0.72,-0.34,-0.63,-1.12,-1.22,-0.8,0.02,-0.16,-0.84,-0.55,-1.14,0.3261,0.000578865607396617
2015-09-28,-3.23,-2.45,-1.44,-2.39,-0.25,-2.02,-2.74,-2.08,-2.39,-3.65,-5.27,-3.95,-7.1,-4.6,-2.74,-2.19,-2.5,-3.47,-1.63,0.52,-1.87,-2.64,-2.01,-1.28,-3.42,-3.62,-4.37,-5.28,-1.98,-4.73,-1.13,-2.39,-2.97,-2.49,-2.62,-2.24,-2.57,-2.02,-2.03,-1.7,-2.68,-3.03,-3.29,-0.93,-1.93,-1.44,-2.4,-2.39,0.3266,-0.003486696219242691
2015-09-29,3.59,-0.94,0.29,-1.6,-0.58,-2.37,-0.31,-0.11,-0.2,-1.16,-1.0,-1.21,-3.95,-0.48,-0.39,-0.88,-1.4,-1.03,0.22,-1.7,-0.28,-0.53,-0.06,-0.38,1.25,-0.27,-0.78,-0.69,1.35,-0.14,-0.35,-0.43,1.0,-1.08,-1.03,-0.34,-0.28,0.38,-0.19,-0.21,-0.21,-0.61,-0.43,-0.01,1.61,0.1,-0.34,-1.71,0.3255,-0.024507836840822028
2015-09-30,-0.18,0.07,1.62,1.21,1.05,1.76,1.95,2.4,1.73,2.08,1.33,1.32,2.54,1.64,0.87,1.22,1.56,1.45,0.17,-0.42,1.06,1.65,1.89,1.52,1.3,1.77,0.88,1.57,0.94,1.07,1.52,1.2,4.29,1.43,1.62,2.23,1.6,1.1,1.39,0.03,1.09,1.19,1.16,0.74,0.92,0.76,1.0,1.43,0.325,0.0027844151831522
2015-10-01,-0.78,-0.39,-1.06,1.21,-0.48,-0.75,0.37,-0.47,0.21,-0.89,-0.82,-0.99,-0.38,0.43,1.26,0.42,-0.21,-0.23,-0.31,-1.91,-1.14,-0.69,-0.46,-0.38,-1.67,-0.08,-1.26,1.51,-3.61,0.42,-0.54,-0.85,-1.01,-0.61,-1.44,-0.8,-0.48,0.53,0.79,0.03,-0.22,-0.42,-0.85,-0.23,-0.34,-0.44,-0.72,0.42,0.324,0.017227131395441297
2015-10-02,1.47,1.86,1.12,0.21,0.89,0.89,2.89,1.86,0.53,-1.34,0.99,1.35,3.89,3.51,2.33,0.18,1.31,1.19,2.23,2.73,1.79,2.11,1.03,0.75,2.5,-0.12,5.5,4.11,3.19,5.98,2.1,1.43,2.51,1.66,1.81,1.87,2.04,1.3,1.69,1.52,1.56,1.39,1.6,-0.49,0.3,0.41,1.03,1.41,0.3271,0.0011043658862268657
2015-10-05,2.21,2.16,2.06,2.65,1.85,3.54,2.9,2.06,2.69,2.15,1.62,1.34,1.63,3.27,3.17,2.67,3.21,4.09,5.21,3.8,3.71,3.44,3.86,2.23,4.34,3.83,3.42,2.53,3.7,5.87,1.57,2.69,3.81,2.4,2.24,2.42,1.73,3.07,2.09,3.22,2.79,2.13,1.78,1.38,1.95,5.58,2.37,2.22,0.3232,0.016942680789660658
2015-10-06,-0.71,-0.96,0.62,-0.53,-0.31,-0.16,0.39,0.13,-0.2,-1.13,-0.9,-0.81,-2.11,0.75,-0.01,-2.23,0.32,0.6,3.54,-0.69,1.1,0.54,0.56,-0.18,0.87,-0.67,1.61,3.1,11.81,6.77,-0.8,-0.26,-0.22,-0.2,0.32,0.78,0.12,-0.43,-0.98,-0.35,0.31,-0.79,-0.51,-0.17,-0.72,-1.3,0.26,-0.28,0.318,0.016527428697920454
2015-10-07,0.67,0.73,0.33,1.13,0.78,1.83,1.58,2.04,1.2,0.36,1.45,0.76,1.83,2.13,1.53,2.23,2.2,2.47,1.67,3.7,1.59,0.9,2.65,1.32,1.97,0.83,0.53,1.54,-1.81,1.09,0.31,1.87,1.86,1.56,1.1,1.02,1.93,1.81,1.92,1.09,1.6,0.74,0.25,0.93,1.18,1.37,0.53,0.91,0.3186,-0.002159455454313397
2015-10-08,0.49,1.32,0.85,0.3,1.55,0.04,2.64,5.84,1.67,1.86,-0.04,0.2,0.07,2.76,1.16,1.0,1.16,1.7,3.09,0.32,2.45,2.22,1.92,1.09,5.2,0.56,0.1,2.74,5.16,3.73,1.65,0.77,1.89,0.68,0.79,0.79,0.84,1.26,2.29,1.54,1.74,1.8,0.56,0.93,1.02,2.0,0.61,1.13,0.3196,0.005887004348476221
2015-10-09,1.61,0.37,1.18,-0.45,0.33,0.51,0.76,1.36,-0.13,-0.3,0.58,0.34,1.28,0.04,0.17,-0.58,-0.28,0.57,1.26,-2.17,-0.36,-0.2,0.43,0.66,0.15,0.1,2.88,0.49,4.69,-0.03,-0.67,-0.16,-0.56,1.06,0.12,0.18,0.76,1.2,1.33,1.35,0.42,-0.05,0.02,-0.55,0.07,0.53,-0.53,0.58,0.3206,0.009889604315476808
2015-10-12,-0.14,-0.16,2.81,-0.02,1.3,-0.17,0.16,-0.61,-0.02,-0.6,-0.18,-0.59,-1.08,-0.58,-0.79,0.61,-0.03,-0.81,-3.03,-1.33,-1.26,-1.48,-0.46,-0.44,-0.41,0.13,-2.16,-1.86,-6.1,-4.47,0.45,0.42,0.35,-0.16,-0.84,-0.44,-0.84,-0.08,0.16,-0.3,-0.45,-0.38,-0.45,0.45,0.74,0.81,-0.38,-0.09,0.32075,0.0009534763940892699
2015-10-13,-1.47,-1.13,-0.99,0.32,-0.46,-0.25,0.09,-0.53,-0.51,-0.53,-0.36,-1.16,-2.44,-0.69,0.29,-1.13,-1.23,-1.57,-0.6,-1.22,-1.51,-1.02,-1.03,-0.98,-0.59,-0.99,-1.38,-2.5,-2.6,-1.63,-0.54,-0.75,-1.53,-1.1,-0.6,-0.68,-1.2,0.72,-0.57,-2.14,-0.64,-1.26,-0.6,-0.49,-0.53,-1.1,-0.74,-0.7,0.3205,-0.00032248852343419454
2015-10-14,-0.94,-1.19,-1.47,-1.08,-0.72,0.25,-1.41,-0.65,-1.18,-1.61,-0.28,-0.31,0.0,0.01,-0.24,-1.81,-0.86,-2.08,-0.05,-0.73,-0.64,-0.8,-0.96,-1.88,-0.75,-1.64,6.23,0.9,-2.37,0.51,0.03,-1.06,-0.92,-0.7,-0.68,0.67,0.0,-0.66,0.33,-0.32,-0.66,-1.39,-2.3,-1.44,-0.85,-0.77,-0.65,-0.91,0.31705,-0.005627774689826337
2015-10-15,2.04,0.89,0.54,1.98,1.26,2.47,0.63,1.5,1.36,1.11,1.53,2.83,5.05,0.66,0.92,0.67,1.64,1.36,0.95,0.03,0.74,2.24,0.67,1.54,0.76,1.12,1.55,1.3,3.65,2.48,1.93,2.19,1.66,1.94,1.12,1.72,2.1,1.05,0.65,1.87,1.18,1.53,0.97,1.89,1.83,1.63,2.07,1.83,0.31515,-0.0035884645488716282
2015-10-16,2.13,0.81,3.5,2.48,1.57,0.59,0.12,-0.19,-0.29,0.65,1.11,0.37,-0.22,-0.36,0.05,0.61,-0.09,-2.35,-1.83,-0.05,-0.83,-0.32,-0.49,-0.73,-2.13,1.49,-2.7,-1.22,-3.8,-0.81,0.34,-0.12,-0.28,-0.19,0.11,-0.46,-0.9,-0.29,0.31,-1.12,-0.66,0.84,0.29,-0.39,0.12,2.04,0.79,0.64,0.31715,0.013974677508435285
2015-10-19,-0.51,-0.22,0.56,-0.08,0.59,-0.43,-0.22,-0.41,0.05,0.36,0.5,0.15,0.11,-1.0,0.11,0.21,-0.66,-0.01,-1.92,-2.99,-0.59,-0.14,0.09,-0.07,-0.78,-0.12,-4.82,-4.37,-3.95,-3.44,0.08,-0.31,3.42,0.02,0.42,0.16,-0.34,0.4,-0.53,0.44,-0.48,0.35,0.59,0.1,0.27,0.23,-0.38,-0.18,0.31665,0.0036356916068596146
2015-10-20,-0.63,-0.56,0.86,0.42,-0.01,-0.51,0.05,0.59,0.66,-0.16,-0.4,-1.36,-2.75,-0.19,0.08,0.22,0.86,1.87,-1.14,1.19,2.79,0.73,-0.23,0.28,0.72,-0.94,1.57,0.72,-2.24,1.39,0.19,0.31,2.91,-0.1,-0.01,-0.27,0.16,0.17,0.62,1.17,0.1,0.37,-0.25,0.57,0.7,-0.85,-0.61,3.99,0.3204,0.000689080248744478
2015-10-21,-1.6,-0.15,-1.22,-1.5,0.05,-1.61,-1.71,-1.61,-1.33,-1.92,-0.59,-1.28,-1.82,-1.08,-0.4,-1.48,-1.05,-1.46,-1.79,0.47,-1.02,-1.35,-1.23,0.06,-2.58,-0.6,-0.23,-1.77,-1.86,-2.85,-1.2,-1.55,-3.04,-1.52,-1.84,-1.31,-0.64,-0.54,-2.79,-0.96,-0.76,-1.3,-2.49,-0.86,-1.22,-1.25,-1.4,-1.59,0.3164,0.0001672131143428679
2015-10-22,0.59,2.6,1.82,1.93,2.01,1.23,1.41,1.14,1.14,0.01,-5.12,-1.59,-1.14,1.17,-0.15,0.1,1.67,0.14,1.93,5.49,1.82,1.65,0.45,2.23,-0.33,1.14,1.63,0.89,0.18,0.73,0.91,1.38,-0.21,1.05,1.71,1.5,0.85,1.85,1.84,-0.43,1.79,-0.26,0.38,1.08,0.21,5.14,2.05,-0.23,0.3199,-0.005699600272090821
2015-10-23,0.9,0.28,0.3,-0.57,0.09,2.04,1.9,0.42,-0.09,-4.92,1.85,0.78,2.01,0.83,0.18,-0.66,0.61,-0.16,0.66,-0.45,0.94,0.63,1.93,0.3,1.99,0.23,0.56,-0.13,-5.67,-0.43,-1.72,1.05,1.12,0.66,2.03,0.79,0.9,1.29,-0.21,0.91,1.17,-1.1,0.84,1.23,0.95,0.59,0.68,0.64,0.3229,0.01795850194383819
2015-10-26,-2.06,-1.01,-0.41,-0.82,0.48,-1.94,-0.26,-0.77,-0.89,-0.37,-0.66,-0.79,-0.19,-0.88,-0.03,0.66,-1.56,-1.41,-3.53,2.3,-1.22,1.32,-0.32,-0.34,-1.24,-0.5,-2.04,-1.91,-9.66,-4.14,0.06,-0.73,-1.29,-0.39,-1.07,-1.62,-1.05,-0.7,-0.56,-1.21,-1.04,-0.11,0.0,-0.16,-0.24,-1.39,-0.5,-0.35,0.32315,0.008206306261410168
2015-10-27,-2.15,-0.58,0.67,0.96,-1.07,-1.81,-1.38,-1.93,-1.34,-1.4,-0.54,0.85,0.1,-1.48,-1.46,-1.12,-1.29,-2.68,-1.9,1.23,-2.1,-2.81,-2.48,-0.47,-3.47,-0.54,-2.3,-3.31,-11.34,-3.68,-1.1,-1.92,-2.58,-1.65,-1.62,-1.17,-1.14,-1.49,-1.23,-4.3,-1.93,-1.36,-1.3,-0.82,-0.84,-2.2,-1.74,-2.27,0.3239,-0.003050522274832379
2015-10-28,0.91,0.88,1.57,0.12,1.31,3.16,2.25,2.62,2.61,2.16,2.71,2.3,3.19,2.74,2.32,6.0,3.13,2.71,2.35,2.49,2.75,2.99,2.91,1.71,2.4,2.25,1.38,3.36,3.12,4.03,0.34,3.03,2.06,2.29,2.36,2.53,2.08,2.62,0.65,0.15,2.45,2.9,2.68,2.44,2.1,1.78,2.3,0.96,0.3219,-0.0010972906344410838
2015-10-29,-0.03,0.24,-0.79,-0.81,-0.25,-1.57,-0.29,0.64,-0.5,0.62,-0.95,-0.45,-1.19,0.2,-0.08,-4.0,-1.6,-2.14,-1.71,-8.21,-1.37,-0.2,-1.66,0.41,1.72,-0.85,-2.27,-0.45,-5.84,-0.03,-0.66,-0.93,-0.77,-0.63,-0.99,-1.86,-0.7,-0.98,-0.47,1.06,-0.05,-0.84,-1.9,-0.46,0.04,-0.63,-0.94,-0.11,0.3289,0.010583271172073028
2015-10-30,-0.7,0.07,-3.98,-1.03,-1.31,-1.76,0.02,0.15,0.36,0.42,-0.6,-0.33,-0.84,-0.18,0.56,-0.38,0.59,0.45,-0.38,1.07,0.04,-0.86,0.65,-0.28,4.59,-0.19,-5.36,0.63,-1.5,0.35,0.56,-0.54,0.07,0.32,0.38,-0.49,1.57,-0.06,-0.02,1.06,0.01,0.0,-1.11,-1.29,-1.34,0.16,-0.29,-0.9,0.3341,0.0007900504812772269
2015-11-02,1.57,0.37,0.42,0.14,-0.2,1.29,2.46,2.39,1.82,0.74,3.01,2.3,4.49,1.92,1.9,0.77,0.8,1.61,3.04,3.32,2.05,2.28,2.86,1.37,1.92,0.77,1.28,1.13,7.9,3.06,0.37,1.48,1.78,1.86,2.35,2.35,1.91,1.47,1.44,1.62,1.61,1.48,1.55,1.24,1.22,1.91,2.09,1.02,0.3341,-0.004421047846890014
2015-11-03,1.36,0.07,0.03,-0.24,-3.22,1.2,-0.16,0.42,0.13,1.14,0.0,1.12,1.03,1.35,-0.41,-0.43,-0.1,0.43,0.86,3.97,1.0,0.31,0.5,-0.06,1.1,-0.84,0.61,1.98,3.5,3.54,0.12,0.59,-0.82,0.43,1.28,0.97,0.55,-0.89,-0.74,0.57,0.9,1.53,0.49,0.23,-0.38,1.4,0.54,0.31,0.3336,0.010510521585812116
2015-11-04,-0.13,0.22,-1.97,-0.31,-0.06,-0.68,-0.26,-0.78,-1.1,-0.73,1.87,0.7,0.71,-1.1,0.32,-0.08,-0.11,-0.11,-0.42,-1.0,-0.1,0.83,0.33,-0.02,-0.51,-1.36,-0.72,-0.5,-2.58,-0.71,0.71,-0.89,1.03,0.14,0.21,-0.09,-1.48,-0.45,-0.77,-1.01,0.01,-0.82,-1.28,0.19,-0.58,-0.35,-0.08,0.16,0.3366,0.003790593420383015
2015-11-05,0.23,0.84,0.33,0.53,0.74,-0.49,-0.59,-0.4,0.88,1.65,-0.5,-1.22,-1.61,-1.17,-2.14,-0.06,-0.26,-0.17,-0.22,-0.75,-0.01,-1.36,-0.47,-0.42,-0.33,-1.13,-2.65,-0.79,1.9,-0.56,-0.88,-0.84,0.25,-0.32,-0.56,0.32,0.55,-0.1,-3.04,0.16,-0.66,0.59,-0.48,0.72,0.86,-0.27,-0.11,-0.03,0.3439,-0.0042263648184478475
2015-11-06,0.2,-1.57,2.18,-0.36,-1.7,-1.98,0.62,-0.3,-1.03,-0.63,0.98,0.1,0.83,-0.01,-0.69,-1.39,0.56,-0.21,0.04,0.8,0.05,0.62,0.74,0.93,1.58,0.99,-4.53,1.41,-0.02,0.31,-2.96,-0.21,2.46,1.5,0.97,0.85,1.14,0.4,-0.29,1.18,1.03,-0.33,0.19,1.53,1.17,-1.47,0.31,1.32,0.3414,-0.0014654153342318343
2015-11-09,-1.51,-0.41,-0.15,-0.77,-0.36,-0.73,-1.67,-1.29,-1.34,-2.51,-0.79,-0.14,0.09,-2.0,-0.37,-1.16,-1.18,-1.24,-3.02,-0.87,-2.04,-1.09,-1.85,-1.84,-1.29,-2.61,1.1,-0.53,-1.64,-0.97,-0.29,-1.22,-2.18,-1.21,-0.52,-1.33,-0.92,-0.8,-1.54,-1.65,-1.59,-2.2,-2.23,-0.61,-0.9,-1.23,-1.47,4.57,0.3556,-0.0009720951609333284
2015-11-10,-0.19,-0.3,-0.83,1.14,0.01,-4.21,-0.54,-0.16,0.79,-0.32,-0.14,0.09,-0.57,-2.25,-0.93,-0.19,0.1,1.98,-1.15,0.42,0.24,-0.91,0.44,-0.49,-0.39,-0.57,-2.36,-1.45,-1.67,-0.98,0.97,-0.66,0.66,-0.58,-0.9,-1.0,-0.5,0.42,0.23,-0.02,-0.05,0.25,0.02,0.09,0.48,-0.46,-1.0,0.02,0.3561,-0.009238999816317595
2015-11-11,-1.18,-0.52,0.95,0.53,0.65,0.5,-0.66,-0.54,-0.9,-4.09,-2.42,-1.07,-1.26,-0.97,-0.85,-0.71,0.03,0.68,-1.81,1.01,-1.49,-1.69,-0.71,-0.96,-0.33,-1.15,0.88,-1.59,-3.38,-3.55,-0.2,-1.29,-0.48,-0.6,-0.92,-0.6,-0.17,-0.36,0.36,-1.07,-0.94,-2.26,-0.17,-0.32,-0.66,-0.47,-0.8,-1.17,0.3591,0.0029944160989945345
2015-11-12,-1.57,-2.2,-2.99,-0.2,-0.54,-0.96,-1.06,-1.44,-1.9,0.39,-2.29,-1.24,-2.39,-2.21,-2.28,-1.43,-2.02,-2.32,-2.62,-1.88,-2.44,-2.21,-2.14,-1.35,-3.12,-1.25,-2.07,-3.21,-1.34,-3.06,-2.0,-0.82,-1.87,-1.3,-1.54,-1.09,-1.47,-2.26,-3.52,-2.07,-2.77,-1.23,-1.29,-1.19,-1.78,-1.42,-1.14,-1.59,0.3616,-0.0053373428512324406
2015-11-13,-1.71,-0.68,1.18,0.09,-0.31,-1.38,-0.91,-1.11,-2.78,-4.66,0.5,-0.72,0.7,0.58,0.36,-3.13,-0.19,-0.6,-1.09,0.41,0.24,-0.25,-0.15,-0.73,0.03,-2.32,2.11,-0.76,1.56,0.38,-0.33,-1.24,-0.01,-1.5,-1.83,-0.44,-0.45,-1.17,-0.01,-0.1,-0.18,-3.62,-2.05,-0.56,0.0,-1.44,-1.05,-0.15,0.3636,-0.013342738458243408
2015-11-16,0.99,0.86,-3.67,0.06,1.03,0.39,-0.63,0.56,0.52,0.06,-0.6,0.34,-0.62,0.88,0.5,0.72,1.05,1.41,0.08,-1.91,0.93,1.0,0.59,2.31,1.71,3.13,0.55,1.05,2.22,3.11,1.86,0.53,0.69,0.57,0.56,0.47,0.74,0.27,0.59,0.19,1.5,0.47,0.32,0.5,1.1,-1.34,0.47,0.34,0.3641,-0.01103375598369094
2015-11-17,0.18,-1.08,-1.7,0.67,-0.18,-1.39,-0.66,-0.42,-0.22,-1.72,-1.5,-0.25,-0.1,-0.94,-0.81,-0.28,-0.55,-1.19,-1.2,-1.81,-0.63,-1.6,-1.0,0.5,-0.62,-1.18,-1.94,-0.86,-8.02,-2.05,-1.62,-0.75,0.92,-0.05,-0.29,-0.04,-1.32,-0.95,-0.47,-0.2,-0.69,-0.53,-0.26,0.1,-0.63,-0.82,-0.16,-1.2,0.3671,0.0156225108241963
2015-11-18,0.69,1.87,1.02,1.01,0.79,0.6,0.1,1.44,1.19,2.24,1.05,0.37,1.58,1.89,0.53,1.94,1.49,2.26,2.06,2.04,1.76,1.56,2.04,0.37,2.08,1.2,0.17,0.65,1.34,1.4,0.93,1.36,1.4,0.76,0.57,1.4,1.68,1.79,2.04,1.23,1.01,1.19,0.93,0.66,1.28,1.54,0.76,0.48,0.3696,-0.0008180146098473173
2015-11-19,-0.22,0.14,-0.73,-2.09,0.69,-0.02,-0.63,-0.61,-0.23,1.08,-2.31,-0.28,0.12,-1.09,0.56,0.73,-0.36,1.12,-0.32,-2.74,-0.28,-0.33,-0.03,0.63,0.89,-1.16,1.54,0.3,-6.26,-2.72,0.47,-0.64,-0.5,0.1,0.07,0.21,0.61,0.7,0.56,0.67,0.05,-1.37,0.05,0.1,-0.82,-0.32,0.06,0.36,0.3776,0.015453272752076197
2015-11-20,0.77,0.16,0.22,0.58,0.2,0.83,0.02,1.1,0.53,1.27,1.86,0.9,1.22,-0.05,0.77,0.87,-0.18,0.19,-1.51,-1.16,0.47,0.65,0.66,0.32,0.1,1.53,-2.68,-2.05,-3.08,-2.11,0.2,-0.3,0.98,0.41,-0.4,0.86,0.99,0.61,0.49,0.13,0.24,2.04,0.76,0.48,0.75,0.78,-0.03,0.6,0.3821,-0.0004222695304944013
2015-11-23,3.04,1.35,2.25,0.64,0.82,0.7,0.56,-0.25,0.47,1.14,0.91,1.03,1.96,0.46,1.46,1.15,0.57,0.63,-0.53,1.68,0.01,1.38,0.02,0.03,-0.76,0.53,-0.39,-1.39,-3.81,0.38,-0.29,-0.24,0.29,-0.07,-0.08,0.02,0.6,0.1,0.43,-0.22,0.47,0.54,1.37,0.18,0.62,1.66,0.56,0.38,0.3932,0.00316390460282423
2015-11-24,-2.81,1.22,-0.39,0.42,0.08,1.8,0.11,0.79,1.42,1.19,1.25,0.86,0.7,1.52,-0.51,-0.12,1.78,1.26,2.79,3.08,1.21,1.3,1.13,0.13,1.69,2.17,1.28,1.66,4.47,3.4,0.66,2.05,0.27,0.76,0.59,-0.04,0.25,0.41,1.31,0.51,0.62,1.26,0.05,0.26,0.25,0.83,0.28,-0.59,0.4023,-0.0023882293136168187
2015-11-25,-0.2,1.41,1.14,1.39,-0.01,0.31,0.64,2.0,0.66,0.48,1.19,0.91,2.08,0.54,0.15,0.81,0.12,0.83,-0.41,1.08,0.72,0.4,0.71,0.24,0.87,-0.45,-1.38,0.12,5.07,-0.24,-0.42,0.3,1.04,1.1,0.93,0.79,0.25,0.51,-0.61,-0.08,0.58,1.7,1.18,0.28,0.02,0.87,1.26,0.0,0.4067,0.0023412398569466752
2015-11-27,1.33,0.39,0.03,0.37,0.43,-1.14,0.33,-0.1,-0.03,-0.17,0.94,1.19,1.42,-0.34,-0.06,0.02,0.18,0.06,-0.09,0.21,0.33,0.46,0.1,-0.12,0.07,-0.14,-1.22,-0.77,0.24,-1.82,-0.04,0.49,-0.37,0.77,0.58,0.65,0.04,0.5,0.76,0.48,0.31,0.43,-0.11,0.28,0.27,0.67,0.15,0.39,0.4142,-0.0002297329195151132
2015-11-30,0.16,-0.89,1.2,-0.15,-0.24,1.19,-0.5,0.61,-0.53,-1.5,-0.89,-0.14,-0.23,1.41,0.63,0.05,-0.37,0.89,-0.5,-3.72,0.67,0.7,0.24,-0.29,-0.26,-1.21,2.27,2.01,5.56,0.17,0.24,0.16,0.1,-0.06,0.09,0.33,0.66,-0.42,0.43,-0.68,0.07,-2.01,-0.46,0.08,0.09,-0.22,1.27,0.98,0.4162,0.0010196584342658799
2015-12-01,-0.52,-0.07,0.62,1.58,0.14,0.16,0.43,-0.23,0.74,1.26,-0.21,0.45,0.11,-0.25,0.86,0.59,1.45,1.36,1.88,6.09,-0.33,0.56,0.28,0.17,-0.01,0.38,0.2,2.33,0.21,0.02,0.53,-0.01,0.74,0.74,0.47,0.67,1.89,0.35,0.34,1.2,0.7,0.52,-0.24,0.38,0.97,1.07,0.34,1.51,0.4222,-0.003835586306675798
2015-12-02,-0.87,-1.44,0.07,3.22,0.05,-0.42,-1.01,-0.79,-0.3,0.2,-1.51,-0.73,-1.04,-1.61,-0.97,0.39,-0.95,-1.95,-0.98,-3.81,-0.45,-0.88,-0.97,-0.63,-1.0,1.51,-2.24,-2.97,-1.97,-3.41,-2.08,-0.62,-2.16,-0.92,-0.29,-0.03,-0.42,-1.36,-2.15,-1.92,-1.64,-0.11,0.04,-0.73,-0.54,-1.7,-1.2,-0.62,0.436,0.009016159742813779
2015-12-03,-1.28,-0.41,-0.41,3.63,-0.97,-1.18,-1.23,-1.09,-0.73,-3.17,-2.07,-1.56,-2.74,-0.79,-1.35,-1.02,-1.49,-1.28,-1.7,-2.58,-1.05,-0.8,-2.45,-0.86,-1.88,-0.59,-0.25,-0.65,-0.97,1.1,-1.28,-0.97,-1.4,-1.22,-2.01,-0.87,-1.25,-1.25,-0.66,-1.46,-1.33,-1.63,-1.53,-0.85,-1.65,-0.94,-1.67,-1.63,0.452,-0.009991863953486724
2015-12-04,0.57,0.93,3.1,-0.33,2.26,-0.14,0.38,0.83,1.1,1.05,0.02,0.19,0.77,-0.29,0.24,0.38,0.53,0.04,0.44,0.27,0.2,-0.57,0.52,0.32,0.26,0.79,4.71,-0.02,-5.74,-3.82,-0.04,0.47,-0.1,0.66,0.75,1.1,0.99,1.45,1.36,-0.19,0.35,1.13,1.1,1.01,1.41,0.27,1.05,0.43,0.462,-0.014163420924767745
2015-12-07,-1.91,1.38,-0.01,-1.83,-0.96,-0.62,-1.08,-1.51,-0.72,0.3,-1.77,-1.71,-3.48,-2.71,-1.43,-1.11,-1.03,-2.31,-3.73,-4.15,-2.34,-1.46,-1.72,-0.18,-2.55,1.37,-5.39,-3.53,-6.18,-6.85,-1.06,-1.0,-1.49,-1.59,-2.11,-1.64,-1.0,-0.71,-0.81,-1.73,-2.31,-1.03,-0.52,-1.23,-0.72,-1.64,-2.18,-1.01,0.47700000000000004,0.01910060850558981
2015-12-08,-0.36,-0.14,1.62,0.13,-0.17,-0.7,0.85,-1.23,-1.13,0.53,0.64,0.36,0.92,-2.41,-1.13,-0.37,-1.5,-2.36,-0.6,-3.22,-1.06,-1.63,-1.61,-1.42,-2.25,0.63,0.11,-1.72,-0.22,0.6,-0.15,-0.78,-2.17,-0.03,0.2,-0.87,0.13,-0.94,-1.6,-2.39,-0.74,0.1,-0.23,-0.76,-0.74,-0.97,-0.85,-0.13,0.4865,-0.008146702402121453
2015-12-09,-1.88,-0.36,-0.93,-2.06,-1.57,-0.12,-0.41,-0.83,-0.93,1.53,-1.17,-1.29,-2.27,1.03,-0.88,-0.02,-0.55,-1.52,-0.79,0.64,-0.01,0.64,-0.64,0.41,0.38,-0.94,3.8,-0.38,0.62,0.76,0.34,-0.44,0.3,-1.14,-1.49,-1.03,-0.46,-0.39,-0.22,-0.29,-0.32,-0.33,-0.03,-0.73,-1.11,-0.69,-1.56,-0.9,0.49200000000000005,-0.005893715909996433
2015-12-10,-0.18,-0.26,-0.08,-0.46,-0.9,1.37,-0.6,0.24,-0.12,-0.33,0.58,0.73,0.95,-0.55,-0.06,0.03,1.8,0.95,2.26,-0.3,0.72,1.16,-0.4,0.47,-0.61,1.8,-2.14,0.58,1.62,1.5,-1.31,0.82,1.14,0.47,0.52,0.52,0.75,-0.86,1.93,0.87,0.51,0.49,0.22,0.24,-0.09,-0.34,1.28,1.39,0.502,-0.006423472348729531
2015-12-11,-4.35,-1.44,-2.0,-1.12,-1.21,-0.11,-1.34,-2.23,-1.87,-1.91,-1.55,-2.22,-3.14,-2.54,-0.91,-1.91,-1.61,-2.61,-2.85,-1.68,-2.21,-1.61,-2.76,-2.28,-3.27,-1.53,-1.4,-3.11,-6.04,-4.62,-1.46,-3.36,-1.74,-2.28,-2.43,-1.59,-1.65,-1.63,-0.96,-2.71,-2.0,-1.83,-1.85,-1.68,-1.64,-2.03,-3.24,-1.83,0.512,-0.00032229323394650233
2015-12-14,-3.51,-0.24,0.47,-0.14,1.06,-0.78,-1.61,-0.98,-0.86,-0.72,-2.06,-1.44,-1.57,-1.65,-0.37,-0.92,-0.96,-1.34,-2.2,-1.52,-0.71,-0.73,-1.4,-0.53,-0.19,-1.68,-4.71,-1.78,-6.03,-2.91,-0.39,-1.59,-0.69,-0.53,-1.31,-1.21,-0.54,-1.11,-2.06,-0.92,-0.84,-1.01,-1.18,-0.12,-0.79,-1.81,-0.66,-1.03,0.51775,-0.016558648673026477
2015-12-15,-3.76,0.65,2.27,4.9,0.3,0.87,0.85,0.37,1.34,-0.22,1.8,0.85,1.29,0.77,0.87,0.66,0.85,1.06,0.89,-4.13,-0.12,0.11,0.78,-0.35,1.34,0.52,-0.05,0.34,5.08,2.41,1.61,1.3,0.7,1.37,0.57,1.12,0.92,1.07,-0.03,1.08,0.22,0.59,1.0,1.55,0.88,1.8,1.22,1.28,0.52575,0.006049585535816915
2015-12-16,1.82,1.95,-0.29,0.31,2.15,1.93,2.21,2.03,2.02,1.77,0.42,1.52,2.73,2.12,0.73,1.44,1.19,2.74,-0.37,1.19,1.33,2.37,1.31,1.59,0.67,0.8,5.92,1.98,-1.68,-2.14,2.0,1.76,1.7,1.18,1.04,1.3,0.89,1.93,0.98,2.12,1.14,1.74,0.67,0.7,0.92,2.11,1.53,2.07,0.5325,0.010342845396658085
2015-12-17,-1.1,-1.0,-0.38,-1.41,-1.12,0.15,0.38,-1.37,-1.19,-1.32,-0.22,0.16,-0.01,-1.51,-1.0,-1.25,-1.17,-1.99,-1.12,-5.13,-0.98,0.16,-2.22,-1.11,-0.82,-1.34,-5.34,-4.13,0.49,-2.94,-0.24,0.09,-0.96,-0.91,-0.28,-0.04,-0.88,-1.27,-1.71,-2.47,-1.34,-1.73,-1.23,-0.68,-1.14,-1.45,-0.57,-0.82,0.5695,0.013320307842658252
2015-12-18,0.04,-0.34,-1.07,-1.77,-1.96,-1.51,-2.56,-0.86,-1.68,-0.91,-1.2,-0.11,0.53,-0.57,-0.55,-1.05,-1.1,-1.45,0.59,2.12,-0.42,-0.89,-0.38,-0.92,-1.99,-0.35,5.21,-0.1,3.91,-1.57,-0.4,-1.14,-1.52,-0.74,-0.94,-0.82,-1.15,-1.55,-2.35,-2.58,-0.62,-0.93,-0.04,-0.52,-1.13,0.07,-0.7,-0.69,0.5855,-0.015888989488229144
2015-12-21,1.4,0.73,-0.47,0.45,1.1,1.68,0.68,0.72,0.72,-0.72,1.78,0.23,1.17,0.93,-0.46,0.08,0.36,0.64,0.07,2.76,0.54,1.43,0.81,0.78,1.83,2.08,-0.63,-0.73,-1.61,-1.36,0.44,0.82,0.68,0.34,0.1,1.17,1.11,0.81,0.59,0.77,0.48,0.74,0.51,0.2,0.81,-0.69,0.21,0.74,0.5931,-0.014964665067833227
2015-12-22,-0.04,0.95,1.41,0.81,1.29,1.77,-0.14,-0.13,0.63,1.1,0.48,0.4,-0.29,1.77,1.12,0.43,0.83,1.1,2.74,0.37,1.27,-0.08,1.41,1.26,2.29,0.85,-0.09,0.55,4.35,1.6,1.17,0.64,1.46,0.64,1.09,0.88,0.71,-0.08,1.04,1.64,0.89,1.85,0.6,0.51,1.11,0.75,0.68,0.73,0.59435,0.006407101469880994
2015-12-23,-0.27,1.24,-0.38,0.9,1.5,0.56,0.65,1.23,1.4,1.26,1.58,1.21,1.88,2.48,1.98,0.49,1.48,2.24,3.14,5.18,2.22,1.22,1.87,0.92,1.96,0.38,1.73,5.56,9.48,9.21,2.21,1.57,0.62,1.2,1.41,0.72,1.28,1.19,2.31,1.68,2.08,1.1,0.72,0.55,1.05,1.26,1.74,1.38,0.6031,0.009415973493817509
2015-12-24,0.49,-0.26,-0.23,0.47,-0.31,-0.01,0.9,0.25,-0.59,-0.54,-0.59,0.53,-0.1,-0.17,-0.37,-0.92,0.49,0.1,0.03,-0.26,0.04,1.44,0.55,0.15,0.63,-0.57,1.1,-0.49,-0.79,-0.73,-0.35,-0.01,0.39,0.45,0.55,0.56,0.16,0.49,0.44,-0.09,-0.39,-0.37,0.13,0.35,0.77,0.35,0.62,0.43,0.6031,0.010439755906154202
2015-12-28,-1.15,-0.86,0.98,-0.34,-0.17,-0.66,-0.89,-0.52,-0.49,-0.72,-0.59,-0.32,-1.3,-1.2,-0.12,-0.36,-1.13,-1.11,-2.78,-2.55,-1.6,-0.36,-1.25,0.11,-2.73,-1.46,-4.86,-1.73,-5.42,-4.96,0.64,-0.39,-0.63,-0.46,-0.84,-0.83,-0.52,-0.59,-0.32,-1.16,-1.44,-0.75,-0.67,-0.5,-0.4,-0.88,-0.24,-0.79,0.6031,-0.002786500709598183
2015-12-29,0.43,0.88,1.88,0.99,0.75,1.37,0.54,0.92,0.61,0.88,1.46,1.16,0.73,0.32,0.83,0.99,0.69,1.15,1.2,-0.87,0.76,-0.23,0.34,1.63,0.54,1.85,-1.93,1.28,-0.18,1.83,0.5,0.48,1.18,0.55,0.57,1.0,1.16,0.7,0.58,0.45,0.48,1.08,1.21,0.9,0.88,1.23,1.89,0.94,0.6067,0.001346126619144794
2015-12-30,-0.3,-0.65,-0.9,-0.73,-0.13,0.74,-0.78,-1.17,-0.84,0.25,-0.6,0.17,-0.85,-1.86,-0.6,-0.37,0.21,-1.09,1.64,-1.8,-0.73,-0.55,-0.76,-0.59,-2.18,-1.07,-4.84,2.28,-3.72,-2.63,-0.09,-1.1,-0.53,-0.68,-0.16,-0.8,-0.31,-0.3,-0.4,-1.1,-0.66,-0.98,-0.73,-0.37,-0.94,-1.21,-0.87,-1.01,0.6122,0.008153226184409945
2015-12-31,-1.21,-0.64,-1.68,-0.55,-1.19,-0.96,-0.57,-0.37,-0.82,-1.39,-1.08,-0.59,-0.61,0.39,-0.32,-0.91,-0.46,-0.3,-0.28,-1.52,-0.33,-0.56,-1.1,-0.32,-0.07,-0.91,0.54,1.31,0.52,4.93,-0.81,-0.19,-1.19,-0.93,-1.03,-1.17,-0.7,-1.09,-1.14,-0.22,-0.26,-0.65,-0.46,-0.57,-1.01,-0.34,-0.82,-0.33,0.6127,-0.00806319586126425
